object_1,object_2,title_a,title_b,context_1,context_2,period_a,period_b,visual_similarity,semantic_similarity,multimodal_similarity,case_type,reason_for_review,source_url_a,source_url_b
24316,36033,Sacrificial Sword (Rāmdāo),One hundred water buffalo,Himalayan,Other,,Southern Song (1127–1279) or Yuan (1271–1368) dynasty,0.3742826581001282,0.4514497220516205,0.4128662049770355,multimodal_cross_context_link,Cross-context computational similarity; requires qualitative historical interpretation,https://www.metmuseum.org/art/collection/search/24316,https://www.metmuseum.org/art/collection/search/36033
24316,36069,Sacrificial Sword (Rāmdāo),Mahasthamaprapta Bodhisattva,Himalayan,Other,,Qing dynasty (1644–1911),0.3161604404449463,0.4717132151126861,0.3939368426799774,multimodal_cross_context_link,Cross-context computational similarity; requires qualitative historical interpretation,https://www.metmuseum.org/art/collection/search/24316,https://www.metmuseum.org/art/collection/search/36069
24316,36131,Sacrificial Sword (Rāmdāo),Landscapes with poems,Himalayan,Other,,Qing dynasty (1644–1911),0.3891399502754211,0.4220058917999267,0.4055729210376739,multimodal_cross_context_link,Cross-context computational similarity; requires qualitative historical interpretation,https://www.metmuseum.org/art/collection/search/24316,https://www.metmuseum.org/art/collection/search/36131
24316,36437,Sacrificial Sword (Rāmdāo),Lotus and waterbirds,Himalayan,Other,,Yuan dynasty (1271–1368),0.366067886352539,0.4025660157203674,0.3843169510364532,multimodal_cross_context_link,Cross-context computational similarity; requires qualitative historical interpretation,https://www.metmuseum.org/art/collection/search/24316,https://www.metmuseum.org/art/collection/search/36437
24316,37804,Sacrificial Sword (Rāmdāo),"Mandala of Manjuvajra, Tantric Form of the Bodhisattva Manjushri",Himalayan,Other,,,0.4383661150932312,0.6062765121459961,0.5223212838172913,multimodal_cross_context_link,Cross-context computational similarity; requires qualitative historical interpretation,https://www.metmuseum.org/art/collection/search/24316,https://www.metmuseum.org/art/collection/search/37804
24316,37807,Sacrificial Sword (Rāmdāo),"Yamantaka, Destroyer of the God of Death",Himalayan,Other,,,0.3479286730289459,0.6208105087280273,0.484369546175003,visual_semantic_mismatch,Cross-context computational similarity; requires qualitative historical interpretation,https://www.metmuseum.org/art/collection/search/24316,https://www.metmuseum.org/art/collection/search/37807
24316,37857,Sacrificial Sword (Rāmdāo),Bhairavi Ragini: Folio from a ragamala series (Garland of Musical Modes),Himalayan,Other,,,0.2518324553966522,0.5449569225311279,0.3983947038650512,visual_semantic_mismatch,Cross-context computational similarity; requires qualitative historical interpretation,https://www.metmuseum.org/art/collection/search/24316,https://www.metmuseum.org/art/collection/search/37857
24316,37878,Sacrificial Sword (Rāmdāo),Preparatory Study for a Portrait of Man Singh and His Harem,Himalayan,Other,,,0.363371729850769,0.5860755443572998,0.474723756313324,visual_semantic_mismatch,Cross-context computational similarity; requires qualitative historical interpretation,https://www.metmuseum.org/art/collection/search/24316,https://www.metmuseum.org/art/collection/search/37878
24316,37900,Sacrificial Sword (Rāmdāo),Page from a Dispersed Bhagavata Purana Manuscript,Himalayan,Other,,,0.3595385253429413,0.5739446878433228,0.4667416512966156,visual_semantic_mismatch,Cross-context computational similarity; requires qualitative historical interpretation,https://www.metmuseum.org/art/collection/search/24316,https://www.metmuseum.org/art/collection/search/37900
24316,37904,Sacrificial Sword (Rāmdāo),Krishna Steals the Gopis’ Clothing: Page from a Dispersed Bhagavata Purana Manuscript,Himalayan,Other,,,0.3759669959545135,0.5178495645523071,0.4469082951545715,multimodal_cross_context_link,Cross-context computational similarity; requires qualitative historical interpretation,https://www.metmuseum.org/art/collection/search/24316,https://www.metmuseum.org/art/collection/search/37904
24316,38006,Sacrificial Sword (Rāmdāo),Portrait of the Indian Monk Atisha,Himalayan,Other,,,0.3575980067253113,0.6290278434753418,0.4933129549026489,visual_semantic_mismatch,Cross-context computational similarity; requires qualitative historical interpretation,https://www.metmuseum.org/art/collection/search/24316,https://www.metmuseum.org/art/collection/search/38006
24316,38057,Sacrificial Sword (Rāmdāo),Sketch with Kali and a Young Boy,Himalayan,Other,,,0.3696407079696655,0.6167480945587158,0.4931944012641907,visual_semantic_mismatch,Cross-context computational similarity; requires qualitative historical interpretation,https://www.metmuseum.org/art/collection/search/24316,https://www.metmuseum.org/art/collection/search/38057
24316,38122,Sacrificial Sword (Rāmdāo),"Seated Buddha Reaching Enlightenment, Flanked by Avalokiteshvara and Maitreya",Himalayan,Other,,Pala period,0.3990342020988464,0.5422362089157104,0.470635175704956,multimodal_cross_context_link,Cross-context computational similarity; requires qualitative historical interpretation,https://www.metmuseum.org/art/collection/search/24316,https://www.metmuseum.org/art/collection/search/38122
24316,38159,Sacrificial Sword (Rāmdāo),Standing Ganesha,Himalayan,Other,,pre-Angkor period,0.4272122979164123,0.4766062498092651,0.4519093036651611,multimodal_cross_context_link,Cross-context computational similarity; requires qualitative historical interpretation,https://www.metmuseum.org/art/collection/search/24316,https://www.metmuseum.org/art/collection/search/38159
24316,38317,Sacrificial Sword (Rāmdāo),Plaque with Scenes from the Life of the Buddha,Himalayan,Other,,Pala period,0.3996720910072326,0.6216744780540466,0.5106732845306396,visual_semantic_mismatch,Cross-context computational similarity; requires qualitative historical interpretation,https://www.metmuseum.org/art/collection/search/24316,https://www.metmuseum.org/art/collection/search/38317
24316,38440,Sacrificial Sword (Rāmdāo),Standing Ganesha,Himalayan,Other,,,0.4028377532958984,0.5722309350967407,0.4875343441963196,multimodal_cross_context_link,Cross-context computational similarity; requires qualitative historical interpretation,https://www.metmuseum.org/art/collection/search/24316,https://www.metmuseum.org/art/collection/search/38440
24316,38452,Sacrificial Sword (Rāmdāo),The Death of the Buddha (Parinirvana),Himalayan,Other,,Kushan period,0.3854969143867492,0.544501006603241,0.4649989604949951,multimodal_cross_context_link,Cross-context computational similarity; requires qualitative historical interpretation,https://www.metmuseum.org/art/collection/search/24316,https://www.metmuseum.org/art/collection/search/38452
24316,38634,Sacrificial Sword (Rāmdāo),Crowned  Bodhisattva,Himalayan,Other,,late Kushan dynasty,0.3335607945919037,0.6459944844245911,0.4897776842117309,visual_semantic_mismatch,Cross-context computational similarity; requires qualitative historical interpretation,https://www.metmuseum.org/art/collection/search/24316,https://www.metmuseum.org/art/collection/search/38634
24316,38777,Sacrificial Sword (Rāmdāo),Head of Buddha,Himalayan,Other,,,0.4048234522342682,0.6054878234863281,0.505155622959137,visual_semantic_mismatch,Cross-context computational similarity; requires qualitative historical interpretation,https://www.metmuseum.org/art/collection/search/24316,https://www.metmuseum.org/art/collection/search/38777
24316,38945,Sacrificial Sword (Rāmdāo),Hanuman Conversing,Himalayan,Other,,Chola period,0.4163927137851715,0.6446698904037476,0.5305312871932983,visual_semantic_mismatch,Cross-context computational similarity; requires qualitative historical interpretation,https://www.metmuseum.org/art/collection/search/24316,https://www.metmuseum.org/art/collection/search/38945
24316,38950,Sacrificial Sword (Rāmdāo),Bodhisattva Avalokiteshvara,Himalayan,Other,,,0.3997028470039367,0.6410204172134399,0.520361602306366,visual_semantic_mismatch,Cross-context computational similarity; requires qualitative historical interpretation,https://www.metmuseum.org/art/collection/search/24316,https://www.metmuseum.org/art/collection/search/38950
24316,38970,Sacrificial Sword (Rāmdāo),"Seated Ascetic, Deified King, Agni (The God of Fire)",Himalayan,Other,,,0.4277084767818451,0.6387608051300049,0.5332346558570862,visual_semantic_mismatch,Cross-context computational similarity; requires qualitative historical interpretation,https://www.metmuseum.org/art/collection/search/24316,https://www.metmuseum.org/art/collection/search/38970
24316,39046,Sacrificial Sword (Rāmdāo),Seated Male Deity Supporting a Vajra on His Finger,Himalayan,Other,,Eastern Javanese period,0.4754933714866638,0.5484173893928528,0.5119553804397583,multimodal_cross_context_link,Cross-context computational similarity; requires qualitative historical interpretation,https://www.metmuseum.org/art/collection/search/24316,https://www.metmuseum.org/art/collection/search/39046
24316,39047,Sacrificial Sword (Rāmdāo),Seated Male Deity Holding a Cuirass (Chest Armour),Himalayan,Other,,Eastern Javanese period,0.4855564832687378,0.6080707311630249,0.5468136668205261,multimodal_cross_context_link,Cross-context computational similarity; requires qualitative historical interpretation,https://www.metmuseum.org/art/collection/search/24316,https://www.metmuseum.org/art/collection/search/39047
24316,39048,Sacrificial Sword (Rāmdāo),Seated Male Deity Holding Two Ritual Objects,Himalayan,Other,,Eastern Javanese period,0.490626186132431,0.5474658012390137,0.5190460085868835,multimodal_cross_context_link,Cross-context computational similarity; requires qualitative historical interpretation,https://www.metmuseum.org/art/collection/search/24316,https://www.metmuseum.org/art/collection/search/39048
24316,39054,Sacrificial Sword (Rāmdāo),Seated Female Deity Holding a Conch and Branch (?),Himalayan,Other,,Eastern Javanese period,0.4928405284881592,0.5673879384994507,0.5301142930984497,multimodal_cross_context_link,Cross-context computational similarity; requires qualitative historical interpretation,https://www.metmuseum.org/art/collection/search/24316,https://www.metmuseum.org/art/collection/search/39054
24316,39092,Sacrificial Sword (Rāmdāo),Bodhisattva  Avaolkiteshvara,Himalayan,Other,,pre-Angkor period,0.4132379293441772,0.6108571290969849,0.512047529220581,visual_semantic_mismatch,Cross-context computational similarity; requires qualitative historical interpretation,https://www.metmuseum.org/art/collection/search/24316,https://www.metmuseum.org/art/collection/search/39092
24316,39134,Sacrificial Sword (Rāmdāo),"Jain Siddha Bahubali, Entwined with Forest Vines",Himalayan,Other,,Chalukyan period,0.4333533048629761,0.6881929636001587,0.5607731342315674,visual_semantic_mismatch,Cross-context computational similarity; requires qualitative historical interpretation,https://www.metmuseum.org/art/collection/search/24316,https://www.metmuseum.org/art/collection/search/39134
24316,39482,Sacrificial Sword (Rāmdāo),Mandala of Wakamiya of Kasuga Shrine (Kasuga wakamiya mandara),Himalayan,Other,,Nanbokuchō period (1336–92),0.3199199140071869,0.5254058241844177,0.4226628541946411,visual_semantic_mismatch,Cross-context computational similarity; requires qualitative historical interpretation,https://www.metmuseum.org/art/collection/search/24316,https://www.metmuseum.org/art/collection/search/39482
24316,39569,Sacrificial Sword (Rāmdāo),Eighteen Songs of a Nomad Flute: The Story of Lady Wenji,Himalayan,East_Asia,,Ming dynasty (1368–1644),0.3365856409072876,0.5104237794876099,0.4235047101974487,multimodal_cross_context_link,Cross-context computational similarity; requires qualitative historical interpretation,https://www.metmuseum.org/art/collection/search/24316,https://www.metmuseum.org/art/collection/search/39569
24316,39742,Sacrificial Sword (Rāmdāo),"The Deity Vajrabhairava, Tantric Form of the Bodhisattva Manjushri",Himalayan,Other,,Ming dynasty (1368–1644),0.3769547343254089,0.6332253813743591,0.5050901174545288,visual_semantic_mismatch,Cross-context computational similarity; requires qualitative historical interpretation,https://www.metmuseum.org/art/collection/search/24316,https://www.metmuseum.org/art/collection/search/39742
24316,39895,Sacrificial Sword (Rāmdāo),The Classic of Filial Piety,Himalayan,Other,,Northern Song dynasty (960–1127),0.2786451280117035,0.4994190037250519,0.3890320956707001,visual_semantic_mismatch,Cross-context computational similarity; requires qualitative historical interpretation,https://www.metmuseum.org/art/collection/search/24316,https://www.metmuseum.org/art/collection/search/39895
24316,39901,Sacrificial Sword (Rāmdāo),Night-Shining White,Himalayan,Other,,Tang dynasty (618–907),0.4200242161750793,0.4370323717594147,0.4285283088684082,multimodal_cross_context_link,Cross-context computational similarity; requires qualitative historical interpretation,https://www.metmuseum.org/art/collection/search/24316,https://www.metmuseum.org/art/collection/search/39901
24316,39931,Sacrificial Sword (Rāmdāo),Landscapes,Himalayan,Other,,Qing dynasty (1644–1911),0.3877489864826202,0.462208479642868,0.4249787330627441,multimodal_cross_context_link,Cross-context computational similarity; requires qualitative historical interpretation,https://www.metmuseum.org/art/collection/search/24316,https://www.metmuseum.org/art/collection/search/39931
24316,39959,Sacrificial Sword (Rāmdāo),A Diplomatic Mission to the Jin,Himalayan,Other,,Jin dynasty (1115–1234),0.3720695376396179,0.4728302359580993,0.4224498867988586,multimodal_cross_context_link,Cross-context computational similarity; requires qualitative historical interpretation,https://www.metmuseum.org/art/collection/search/24316,https://www.metmuseum.org/art/collection/search/39959
24316,40080,Sacrificial Sword (Rāmdāo),Fragrant Snow at Broken Bridge,Himalayan,Other,,Yuan dynasty (1271–1368),0.4278559386730194,0.3564968407154083,0.3921764492988586,multimodal_cross_context_link,Cross-context computational similarity; requires qualitative historical interpretation,https://www.metmuseum.org/art/collection/search/24316,https://www.metmuseum.org/art/collection/search/40080
24316,40282,Sacrificial Sword (Rāmdāo),Buddha Amitabha Descending from his Pure Land,Himalayan,Other,,Southern Song dynasty (1127–1279),0.2866077125072479,0.4493703544139862,0.3679890632629394,multimodal_cross_context_link,Cross-context computational similarity; requires qualitative historical interpretation,https://www.metmuseum.org/art/collection/search/24316,https://www.metmuseum.org/art/collection/search/40282
24316,40513,Sacrificial Sword (Rāmdāo),Vimalakirti and the Doctrine of Nonduality,Himalayan,Other,,Yuan dynasty (1271–1368),0.3397359848022461,0.5560824871063232,0.4479092955589294,visual_semantic_mismatch,Cross-context computational similarity; requires qualitative historical interpretation,https://www.metmuseum.org/art/collection/search/24316,https://www.metmuseum.org/art/collection/search/40513
24316,41865,Sacrificial Sword (Rāmdāo),Ink Tablet,Himalayan,Other,,"Qing dynasty (1644–1911), Qianlong period (1736–95)",0.438111811876297,0.4463891983032226,0.442250519990921,multimodal_cross_context_link,Cross-context computational similarity; requires qualitative historical interpretation,https://www.metmuseum.org/art/collection/search/24316,https://www.metmuseum.org/art/collection/search/41865
24316,42188,Sacrificial Sword (Rāmdāo),Seated luohan (arhat) in a grotto,Himalayan,Other,,Qing dynasty (1644–1911),0.3691234588623047,0.4477872252464294,0.408455342054367,multimodal_cross_context_link,Cross-context computational similarity; requires qualitative historical interpretation,https://www.metmuseum.org/art/collection/search/24316,https://www.metmuseum.org/art/collection/search/42188
24316,42733,Sacrificial Sword (Rāmdāo),Buddha Maitreya (Mile),Himalayan,Other,,Northern Wei dynasty (386–534),0.4382915198802948,0.5358256101608276,0.4870585501194,multimodal_cross_context_link,Cross-context computational similarity; requires qualitative historical interpretation,https://www.metmuseum.org/art/collection/search/24316,https://www.metmuseum.org/art/collection/search/42733
24316,44759,Sacrificial Sword (Rāmdāo),"Landscapes, Figures, and Flowers",Himalayan,Other,,Ming dynasty (1368–1644),0.3556057810783386,0.3949816823005676,0.3752937018871307,multimodal_cross_context_link,Cross-context computational similarity; requires qualitative historical interpretation,https://www.metmuseum.org/art/collection/search/24316,https://www.metmuseum.org/art/collection/search/44759
24316,45258,Sacrificial Sword (Rāmdāo),Bamboo in the Four Seasons,Himalayan,Other,,Muromachi period (1392–1573),0.4407606720924377,0.4708722233772278,0.4558164477348327,multimodal_cross_context_link,Cross-context computational similarity; requires qualitative historical interpretation,https://www.metmuseum.org/art/collection/search/24316,https://www.metmuseum.org/art/collection/search/45258
24316,45449,Sacrificial Sword (Rāmdāo),Buddha offering protection,Himalayan,Other,,Visnukundin,0.4499630928039551,0.655602216720581,0.5527827143669128,visual_semantic_mismatch,Cross-context computational similarity; requires qualitative historical interpretation,https://www.metmuseum.org/art/collection/search/24316,https://www.metmuseum.org/art/collection/search/45449
24316,49068,Sacrificial Sword (Rāmdāo),Bamboo in Snow,Himalayan,Other,,Edo period (1615–1868),0.4313991069793701,0.4608899652957916,0.4461445212364197,multimodal_cross_context_link,Cross-context computational similarity; requires qualitative historical interpretation,https://www.metmuseum.org/art/collection/search/24316,https://www.metmuseum.org/art/collection/search/49068
24316,53013,Sacrificial Sword (Rāmdāo),"""Kogō"" and ""The Imperial Procession to Ōhara"", from The Tale of the Heike (Heike monogatari)",Himalayan,Other,,Edo period (1615–1868),0.4188749194145202,0.4284816980361938,0.4236783385276794,multimodal_cross_context_link,Cross-context computational similarity; requires qualitative historical interpretation,https://www.metmuseum.org/art/collection/search/24316,https://www.metmuseum.org/art/collection/search/53013
24316,53158,Sacrificial Sword (Rāmdāo),Tile with Buddha Triad,Himalayan,Other,,Asuka period (538–710),0.3403820693492889,0.469978392124176,0.4051802456378937,multimodal_cross_context_link,Cross-context computational similarity; requires qualitative historical interpretation,https://www.metmuseum.org/art/collection/search/24316,https://www.metmuseum.org/art/collection/search/53158
24316,53162,Sacrificial Sword (Rāmdāo),Tobatsu Bishamonten,Himalayan,Other,,Heian period (794–1185),0.4376792311668396,0.490622878074646,0.4641510248184204,multimodal_cross_context_link,Cross-context computational similarity; requires qualitative historical interpretation,https://www.metmuseum.org/art/collection/search/24316,https://www.metmuseum.org/art/collection/search/53162
24316,53165,Sacrificial Sword (Rāmdāo),Male and Female Shinto Deities,Himalayan,Other,,Heian period (ca. 900–1185),0.4242649376392364,0.4791043400764465,0.4516846537590027,multimodal_cross_context_link,Cross-context computational similarity; requires qualitative historical interpretation,https://www.metmuseum.org/art/collection/search/24316,https://www.metmuseum.org/art/collection/search/53165
24316,53167,Sacrificial Sword (Rāmdāo),Flying Apsaras (Hiten),Himalayan,Other,,Heian period (794–1185),0.4231621026992798,0.5385450124740601,0.4808535277843475,multimodal_cross_context_link,Cross-context computational similarity; requires qualitative historical interpretation,https://www.metmuseum.org/art/collection/search/24316,https://www.metmuseum.org/art/collection/search/53167
24316,53176,Sacrificial Sword (Rāmdāo),"Fudō Myōō, the Immovable Wisdom King (Achala Vidyaraja)",Himalayan,Other,,Kamakura period (1185–1333),0.442291110754013,0.498576819896698,0.4704340100288391,multimodal_cross_context_link,Cross-context computational similarity; requires qualitative historical interpretation,https://www.metmuseum.org/art/collection/search/24316,https://www.metmuseum.org/art/collection/search/53176
24316,53180,Sacrificial Sword (Rāmdāo),"Satsubari, the Second of the Sixteen Arhats",Himalayan,Other,,Nanbokuchō period (1336–92),0.314445436000824,0.5082836747169495,0.4113645553588867,visual_semantic_mismatch,Cross-context computational similarity; requires qualitative historical interpretation,https://www.metmuseum.org/art/collection/search/24316,https://www.metmuseum.org/art/collection/search/53180
24316,53187,Sacrificial Sword (Rāmdāo),Kasuga Deer Mandala (Kasuga shika mandara zu),Himalayan,Other,,Nanbokuchō period (1336–92),0.3524077534675598,0.4957807958126068,0.4240942895412445,multimodal_cross_context_link,Cross-context computational similarity; requires qualitative historical interpretation,https://www.metmuseum.org/art/collection/search/24316,https://www.metmuseum.org/art/collection/search/53187
24316,53189,Sacrificial Sword (Rāmdāo),Seiryū Gongen,Himalayan,Other,,Nanbokuchō period (1336–92),0.430962324142456,0.5128320455551147,0.4718971848487854,multimodal_cross_context_link,Cross-context computational similarity; requires qualitative historical interpretation,https://www.metmuseum.org/art/collection/search/24316,https://www.metmuseum.org/art/collection/search/53189
24316,53190,Sacrificial Sword (Rāmdāo),Guardian Lion-Dogs,Himalayan,Other,,Kamakura period (1185–1333),0.4200140237808227,0.4611758589744568,0.4405949711799621,multimodal_cross_context_link,Cross-context computational similarity; requires qualitative historical interpretation,https://www.metmuseum.org/art/collection/search/24316,https://www.metmuseum.org/art/collection/search/53190
24316,53194,Sacrificial Sword (Rāmdāo),The Tale of Sumiyoshi,Himalayan,Other,,Kamakura period (1185–1333),0.4004604816436767,0.4643872082233429,0.4324238300323486,multimodal_cross_context_link,Cross-context computational similarity; requires qualitative historical interpretation,https://www.metmuseum.org/art/collection/search/24316,https://www.metmuseum.org/art/collection/search/53194
24316,53205,Sacrificial Sword (Rāmdāo),Mandala of the Bodhisattva Hannya (Prajnaparamita),Himalayan,Other,,Nanbokuchō period (1336–92),0.3743664026260376,0.5643161535263062,0.4693412780761719,multimodal_cross_context_link,Cross-context computational similarity; requires qualitative historical interpretation,https://www.metmuseum.org/art/collection/search/24316,https://www.metmuseum.org/art/collection/search/53205
24316,53226,Sacrificial Sword (Rāmdāo),Two Views from the Eight Views of the Xiao and Xiang Rivers,Himalayan,Other,,Muromachi period (1392–1573),0.3730950653553009,0.4236811697483063,0.3983881175518036,multimodal_cross_context_link,Cross-context computational similarity; requires qualitative historical interpretation,https://www.metmuseum.org/art/collection/search/24316,https://www.metmuseum.org/art/collection/search/53226
24316,53237,Sacrificial Sword (Rāmdāo),Pheasants among Trees: Flowers of the Four Seasons,Himalayan,Other,,Muromachi (1392–1573),0.313742458820343,0.3993483483791351,0.3565454185009002,multimodal_cross_context_link,Cross-context computational similarity; requires qualitative historical interpretation,https://www.metmuseum.org/art/collection/search/24316,https://www.metmuseum.org/art/collection/search/53237
24316,53238,Sacrificial Sword (Rāmdāo),Zheng Huangniu and Yushanzhu,Himalayan,Other,,Momoyama period (1573–1615),0.4745900630950928,0.4827318489551544,0.4786609411239624,multimodal_cross_context_link,Cross-context computational similarity; requires qualitative historical interpretation,https://www.metmuseum.org/art/collection/search/24316,https://www.metmuseum.org/art/collection/search/53238
24316,53241,Sacrificial Sword (Rāmdāo),Willows and Bridge,Himalayan,Other,,Momoyama period (1573–1615),0.4379434287548065,0.4915103912353515,0.4647269546985626,multimodal_cross_context_link,Cross-context computational similarity; requires qualitative historical interpretation,https://www.metmuseum.org/art/collection/search/24316,https://www.metmuseum.org/art/collection/search/53241
24316,53242,Sacrificial Sword (Rāmdāo),"“Butterflies” (Kochō), from the Tale of Genji",Himalayan,Other,,Momoyama period (1573–1615),0.4336044192314148,0.4061598479747772,0.4198821187019348,multimodal_cross_context_link,Cross-context computational similarity; requires qualitative historical interpretation,https://www.metmuseum.org/art/collection/search/24316,https://www.metmuseum.org/art/collection/search/53242
24316,53408,Sacrificial Sword (Rāmdāo),White Plum Blossoms and Moon,Himalayan,Other,,Edo period (1615–1868),0.4384746253490448,0.3651200532913208,0.4017973840236664,multimodal_cross_context_link,Cross-context computational similarity; requires qualitative historical interpretation,https://www.metmuseum.org/art/collection/search/24316,https://www.metmuseum.org/art/collection/search/53408
24316,53427,Sacrificial Sword (Rāmdāo),Six Jewel Rivers,Himalayan,Other,,Edo period (1615–1868),0.2649836540222168,0.5631964206695557,0.4140900373458862,visual_semantic_mismatch,Cross-context computational similarity; requires qualitative historical interpretation,https://www.metmuseum.org/art/collection/search/24316,https://www.metmuseum.org/art/collection/search/53427
24316,53428,Sacrificial Sword (Rāmdāo),Scenes in and around the Capital,Himalayan,Other,,Edo period (1615–1868),0.3764050900936126,0.3894278109073639,0.3829164803028106,multimodal_cross_context_link,Cross-context computational similarity; requires qualitative historical interpretation,https://www.metmuseum.org/art/collection/search/24316,https://www.metmuseum.org/art/collection/search/53428
24316,53429,Sacrificial Sword (Rāmdāo),Cherry Blossom Viewing at Itsukushima and Yoshino,Himalayan,Other,,Edo period (1615–1868),0.4397357106208801,0.3434310555458069,0.3915833830833435,multimodal_cross_context_link,Cross-context computational similarity; requires qualitative historical interpretation,https://www.metmuseum.org/art/collection/search/24316,https://www.metmuseum.org/art/collection/search/53429
24316,53438,Sacrificial Sword (Rāmdāo),Page of a Pilgrim’s Visiting Album,Himalayan,Other,,Edo period (1615–1868),0.3747578859329223,0.4583877623081207,0.4165728092193603,multimodal_cross_context_link,Cross-context computational similarity; requires qualitative historical interpretation,https://www.metmuseum.org/art/collection/search/24316,https://www.metmuseum.org/art/collection/search/53438
24316,53455,Sacrificial Sword (Rāmdāo),Pine Tree and Calligraphy,Himalayan,Other,,Edo period (1615–1868),0.3887958526611328,0.4354971945285797,0.412146508693695,multimodal_cross_context_link,Cross-context computational similarity; requires qualitative historical interpretation,https://www.metmuseum.org/art/collection/search/24316,https://www.metmuseum.org/art/collection/search/53455
24316,53625,Sacrificial Sword (Rāmdāo),Dogū (Clay Figurine),Himalayan,Other,,Final Jōmon period (ca. 1000–300 BCE),0.4569801688194275,0.5167276263237,0.4868538975715637,multimodal_cross_context_link,Cross-context computational similarity; requires qualitative historical interpretation,https://www.metmuseum.org/art/collection/search/24316,https://www.metmuseum.org/art/collection/search/53625
24316,53650,Sacrificial Sword (Rāmdāo),Incense Burner in Form of a Praying Mantis,Himalayan,Other,,Meiji period (1868–1912),0.5157983303070068,0.4451702237129211,0.480484277009964,multimodal_cross_context_link,Cross-context computational similarity; requires qualitative historical interpretation,https://www.metmuseum.org/art/collection/search/24316,https://www.metmuseum.org/art/collection/search/53650
24316,53660,Sacrificial Sword (Rāmdāo),Ten Verses on Oxherding,Himalayan,Other,,Kamakura period (1185–1333),0.3738899230957031,0.5749179124832153,0.4744038879871368,visual_semantic_mismatch,Cross-context computational similarity; requires qualitative historical interpretation,https://www.metmuseum.org/art/collection/search/24316,https://www.metmuseum.org/art/collection/search/53660
24316,53892,Sacrificial Sword (Rāmdāo),Albums of scenes from The Tale of Genji,Himalayan,Other,,Edo period (1615–1868),0.2982432246208191,0.4494740962982178,0.3738586902618408,multimodal_cross_context_link,Cross-context computational similarity; requires qualitative historical interpretation,https://www.metmuseum.org/art/collection/search/24316,https://www.metmuseum.org/art/collection/search/53892
24316,57249,Sacrificial Sword (Rāmdāo),Hanshan and Shide,Himalayan,Other,,,0.4098643362522125,0.4400516152381897,0.4249579310417175,multimodal_cross_context_link,Cross-context computational similarity; requires qualitative historical interpretation,https://www.metmuseum.org/art/collection/search/24316,https://www.metmuseum.org/art/collection/search/57249
24316,57363,Sacrificial Sword (Rāmdāo),Page of a Pilgrim’s Visiting Album,Himalayan,Other,,Edo period (1615–1868),0.3941767513751983,0.4586303830146789,0.4264035820960998,multimodal_cross_context_link,Cross-context computational similarity; requires qualitative historical interpretation,https://www.metmuseum.org/art/collection/search/24316,https://www.metmuseum.org/art/collection/search/57363
24316,57573,Sacrificial Sword (Rāmdāo),Statuette of Buddha Sitting on Engraved Throne,Himalayan,Other,,Late Unified Silla dynasty (676–935),0.5256432294845581,0.4734468460083008,0.4995450377464294,multimodal_cross_context_link,Cross-context computational similarity; requires qualitative historical interpretation,https://www.metmuseum.org/art/collection/search/24316,https://www.metmuseum.org/art/collection/search/57573
24316,60435,Sacrificial Sword (Rāmdāo),Section of the Dream Diary (Yume no ki),Himalayan,Other,,Kamakura period (1185–1333),0.419214129447937,0.4172403216361999,0.4182272255420685,multimodal_cross_context_link,Cross-context computational similarity; requires qualitative historical interpretation,https://www.metmuseum.org/art/collection/search/24316,https://www.metmuseum.org/art/collection/search/60435
24316,60437,Sacrificial Sword (Rāmdāo),Section of the Dream Diary with a Sketch of Mountains,Himalayan,Other,,Kamakura period (1185–1333),0.3970077037811279,0.3738008439540863,0.3854042589664459,multimodal_cross_context_link,Cross-context computational similarity; requires qualitative historical interpretation,https://www.metmuseum.org/art/collection/search/24316,https://www.metmuseum.org/art/collection/search/60437
24316,60451,Sacrificial Sword (Rāmdāo),Letter to the Nun Jōjūbō,Himalayan,Other,,Kamakura period (1185–1333),0.4005551040172577,0.4202674627304077,0.4104112982749939,multimodal_cross_context_link,Cross-context computational similarity; requires qualitative historical interpretation,https://www.metmuseum.org/art/collection/search/24316,https://www.metmuseum.org/art/collection/search/60451
24316,60470,Sacrificial Sword (Rāmdāo),On Reclusion,Himalayan,Other,,Nanbokuchō period (1336–92),0.404469758272171,0.4266107082366943,0.4155402779579162,multimodal_cross_context_link,Cross-context computational similarity; requires qualitative historical interpretation,https://www.metmuseum.org/art/collection/search/24316,https://www.metmuseum.org/art/collection/search/60470
24316,61532,Sacrificial Sword (Rāmdāo),Stele with Maitreya and attendant bodhisattvas,Himalayan,Other,,Northern Wei dynasty (386–534),0.4282450675964355,0.5111489295959473,0.4696969985961914,multimodal_cross_context_link,Cross-context computational similarity; requires qualitative historical interpretation,https://www.metmuseum.org/art/collection/search/24316,https://www.metmuseum.org/art/collection/search/61532
24316,61658,Sacrificial Sword (Rāmdāo),Bodhisattva Avalokiteshvara (Guanyin),Himalayan,Other,,Yuan dynasty (1271–1368),0.4439399242401123,0.5740653276443481,0.509002685546875,multimodal_cross_context_link,Cross-context computational similarity; requires qualitative historical interpretation,https://www.metmuseum.org/art/collection/search/24316,https://www.metmuseum.org/art/collection/search/61658
24316,61820,Sacrificial Sword (Rāmdāo),"Seated Buddha, probably Shakyamuni (Shijiamouni)",Himalayan,Other,,Sixteen Kingdoms period (304–439),0.4384765923023224,0.544127345085144,0.4913018941879272,multimodal_cross_context_link,Cross-context computational similarity; requires qualitative historical interpretation,https://www.metmuseum.org/art/collection/search/24316,https://www.metmuseum.org/art/collection/search/61820
24316,68308,Sacrificial Sword (Rāmdāo),Seven-Panel Buddhist Monk’s Vestment (Shichijō kesa) with Crane Patterns on Hexagonal Diaper Pattern (Mokkō) Background,Himalayan,Other,,Edo period (1615–1868),0.542166531085968,0.5561303496360779,0.549148440361023,multimodal_cross_context_link,Cross-context computational similarity; requires qualitative historical interpretation,https://www.metmuseum.org/art/collection/search/24316,https://www.metmuseum.org/art/collection/search/68308
24316,68310,Sacrificial Sword (Rāmdāo),Seven-Panel Buddhist Monk’s Vestment (Shichijō kesa) with Peony Patterns in Undulating Columns,Himalayan,Other,,Edo period (1615–1868),0.5357435941696167,0.5195097923278809,0.5276266932487488,multimodal_cross_context_link,Cross-context computational similarity; requires qualitative historical interpretation,https://www.metmuseum.org/art/collection/search/24316,https://www.metmuseum.org/art/collection/search/68310
24316,73540,Sacrificial Sword (Rāmdāo),A Large Elephant Recently Imported from Overseas (Shinto hakurai no daizō),Himalayan,Other,,Edo period (1615–1868),0.2690569162368774,0.4728009402751922,0.3709289133548736,visual_semantic_mismatch,Cross-context computational similarity; requires qualitative historical interpretation,https://www.metmuseum.org/art/collection/search/24316,https://www.metmuseum.org/art/collection/search/73540
24316,76084,Sacrificial Sword (Rāmdāo),The Bodhisattva Jizō,Himalayan,Other,,Kamakura period (1185–1333),0.3975109457969665,0.5332067012786865,0.4653588235378265,multimodal_cross_context_link,Cross-context computational similarity; requires qualitative historical interpretation,https://www.metmuseum.org/art/collection/search/24316,https://www.metmuseum.org/art/collection/search/76084
24316,78145,Sacrificial Sword (Rāmdāo),Portrait of Bodhidharma,Himalayan,Other,,Edo period (1615–1868),0.3719561100006103,0.4907166957855224,0.4313364028930664,multimodal_cross_context_link,Cross-context computational similarity; requires qualitative historical interpretation,https://www.metmuseum.org/art/collection/search/24316,https://www.metmuseum.org/art/collection/search/78145
24316,78257,Sacrificial Sword (Rāmdāo),Kali,Himalayan,Other,,,0.3203213214874267,0.580049991607666,0.4501856565475464,visual_semantic_mismatch,Cross-context computational similarity; requires qualitative historical interpretation,https://www.metmuseum.org/art/collection/search/24316,https://www.metmuseum.org/art/collection/search/78257
24316,78260,Sacrificial Sword (Rāmdāo),Vishva Rajalakshmi Gomata,Himalayan,Other,,,0.2465842962265014,0.5772523880004883,0.4119184017181396,visual_semantic_mismatch,Cross-context computational similarity; requires qualitative historical interpretation,https://www.metmuseum.org/art/collection/search/24316,https://www.metmuseum.org/art/collection/search/78260
24316,192770,Sacrificial Sword (Rāmdāo),Saint Bridget of Sweden Receiving the Rule of Her Order,Himalayan,Other,,,0.3503547310829162,0.3609708249568939,0.3556628227233886,multimodal_cross_context_link,Cross-context computational similarity; requires qualitative historical interpretation,https://www.metmuseum.org/art/collection/search/24316,https://www.metmuseum.org/art/collection/search/192770
24316,193451,Sacrificial Sword (Rāmdāo),Good Shepherd,Himalayan,Other,,,0.483634203672409,0.5261502265930176,0.5048922300338745,multimodal_cross_context_link,Cross-context computational similarity; requires qualitative historical interpretation,https://www.metmuseum.org/art/collection/search/24316,https://www.metmuseum.org/art/collection/search/193451
24316,194191,Sacrificial Sword (Rāmdāo),Clock watch with astronomical dial and sundial,Himalayan,Other,,,0.4753638803958893,0.3714156448841095,0.4233897924423218,multimodal_cross_context_link,Cross-context computational similarity; requires qualitative historical interpretation,https://www.metmuseum.org/art/collection/search/24316,https://www.metmuseum.org/art/collection/search/194191
24316,197460,Sacrificial Sword (Rāmdāo),Saint Catherine of Siena,Himalayan,Other,,,0.4671875834465027,0.3376426100730896,0.4024151563644409,multimodal_cross_context_link,Cross-context computational similarity; requires qualitative historical interpretation,https://www.metmuseum.org/art/collection/search/24316,https://www.metmuseum.org/art/collection/search/197460
24316,197461,Sacrificial Sword (Rāmdāo),Saint Bernardino of Siena,Himalayan,Other,,,0.4690724015235901,0.4127693176269531,0.440920889377594,multimodal_cross_context_link,Cross-context computational similarity; requires qualitative historical interpretation,https://www.metmuseum.org/art/collection/search/24316,https://www.metmuseum.org/art/collection/search/197461
24316,200668,Sacrificial Sword (Rāmdāo),Sabine Houdon (1787–1836),Himalayan,Other,,,0.3791534602642059,0.3988965153694153,0.3890250325202942,multimodal_cross_context_link,Cross-context computational similarity; requires qualitative historical interpretation,https://www.metmuseum.org/art/collection/search/24316,https://www.metmuseum.org/art/collection/search/200668
24316,200840,Sacrificial Sword (Rāmdāo),Glass cooler (seau à verre),Himalayan,Other,,,0.4228979051113128,0.4675312042236328,0.445214569568634,multimodal_cross_context_link,Cross-context computational similarity; requires qualitative historical interpretation,https://www.metmuseum.org/art/collection/search/24316,https://www.metmuseum.org/art/collection/search/200840
24316,201718,Sacrificial Sword (Rāmdāo),Street vendor,Himalayan,Other,,,0.4101177453994751,0.4249102771282196,0.4175140559673309,multimodal_cross_context_link,Cross-context computational similarity; requires qualitative historical interpretation,https://www.metmuseum.org/art/collection/search/24316,https://www.metmuseum.org/art/collection/search/201718
24316,203915,Sacrificial Sword (Rāmdāo),Seated Faun,Himalayan,Other,,,0.4121332168579101,0.4720518589019775,0.4420925676822662,multimodal_cross_context_link,Cross-context computational similarity; requires qualitative historical interpretation,https://www.metmuseum.org/art/collection/search/24316,https://www.metmuseum.org/art/collection/search/203915
24316,204587,Sacrificial Sword (Rāmdāo),Emperor Antoninus Pius,Himalayan,Other,,,0.303234338760376,0.4730989038944244,0.3881666660308838,multimodal_cross_context_link,Cross-context computational similarity; requires qualitative historical interpretation,https://www.metmuseum.org/art/collection/search/24316,https://www.metmuseum.org/art/collection/search/204587
24316,205883,Sacrificial Sword (Rāmdāo),Guanyin,Himalayan,Other,,,0.4069088399410248,0.5705119967460632,0.4887104034423828,multimodal_cross_context_link,Cross-context computational similarity; requires qualitative historical interpretation,https://www.metmuseum.org/art/collection/search/24316,https://www.metmuseum.org/art/collection/search/205883
24316,206965,Sacrificial Sword (Rāmdāo),Longcase astronomical regulator,Himalayan,Other,,,0.3927350044250488,0.3408050835132599,0.3667700588703155,multimodal_cross_context_link,Cross-context computational similarity; requires qualitative historical interpretation,https://www.metmuseum.org/art/collection/search/24316,https://www.metmuseum.org/art/collection/search/206965
24316,207157,Sacrificial Sword (Rāmdāo),Dwarf (one of a pair),Himalayan,Other,,,0.3586025536060333,0.4142124652862549,0.3864075541496277,multimodal_cross_context_link,Cross-context computational similarity; requires qualitative historical interpretation,https://www.metmuseum.org/art/collection/search/24316,https://www.metmuseum.org/art/collection/search/207157
24316,207536,Sacrificial Sword (Rāmdāo),The Sacrifice of Jephthah's Daughter,Himalayan,Other,,,0.4194873571395874,0.4814885258674621,0.4504880011081695,multimodal_cross_context_link,Cross-context computational similarity; requires qualitative historical interpretation,https://www.metmuseum.org/art/collection/search/24316,https://www.metmuseum.org/art/collection/search/207536
24316,228990,Sacrificial Sword (Rāmdāo),Adam and Eve with Charles I and Henrietta Maria,Himalayan,Other,,,0.393629789352417,0.4862991869449615,0.4399644434452057,multimodal_cross_context_link,Cross-context computational similarity; requires qualitative historical interpretation,https://www.metmuseum.org/art/collection/search/24316,https://www.metmuseum.org/art/collection/search/228990
24316,228995,Sacrificial Sword (Rāmdāo),"The New Testament, The Book of Common Prayer",Himalayan,Other,,,0.4478357434272766,0.5476596355438232,0.4977476596832275,multimodal_cross_context_link,Cross-context computational similarity; requires qualitative historical interpretation,https://www.metmuseum.org/art/collection/search/24316,https://www.metmuseum.org/art/collection/search/228995
24316,236643,Sacrificial Sword (Rāmdāo),Rothschild lamp,Himalayan,Other,,,0.5064977407455444,0.4954878091812134,0.5009927749633789,multimodal_cross_context_link,Cross-context computational similarity; requires qualitative historical interpretation,https://www.metmuseum.org/art/collection/search/24316,https://www.metmuseum.org/art/collection/search/236643
24316,237451,Sacrificial Sword (Rāmdāo),Dwarf (one of a pair),Himalayan,Other,,,0.3586025536060333,0.4142124652862549,0.3864075541496277,multimodal_cross_context_link,Cross-context computational similarity; requires qualitative historical interpretation,https://www.metmuseum.org/art/collection/search/24316,https://www.metmuseum.org/art/collection/search/237451
24316,239512,Sacrificial Sword (Rāmdāo),Torah crown (keter),Himalayan,Other,,,0.4705063700675964,0.4932715892791748,0.481889009475708,multimodal_cross_context_link,Cross-context computational similarity; requires qualitative historical interpretation,https://www.metmuseum.org/art/collection/search/24316,https://www.metmuseum.org/art/collection/search/239512
24316,266450,Sacrificial Sword (Rāmdāo),Elliot Marbles and Other Sculpture from the Central Museum Madras: Group 26,Himalayan,Other,,,0.4015511870384216,0.4471287131309509,0.4243399500846863,multimodal_cross_context_link,Cross-context computational similarity; requires qualitative historical interpretation,https://www.metmuseum.org/art/collection/search/24316,https://www.metmuseum.org/art/collection/search/266450
24316,268710,Sacrificial Sword (Rāmdāo),Herr Joachim,Himalayan,Other,,,0.3744811713695526,0.4625733494758606,0.4185272753238678,multimodal_cross_context_link,Cross-context computational similarity; requires qualitative historical interpretation,https://www.metmuseum.org/art/collection/search/24316,https://www.metmuseum.org/art/collection/search/268710
24316,269434,Sacrificial Sword (Rāmdāo),Thomas Carlyle,Himalayan,Other,,,0.2875738143920898,0.2810791730880737,0.2843264937400818,multimodal_cross_context_link,Cross-context computational similarity; requires qualitative historical interpretation,https://www.metmuseum.org/art/collection/search/24316,https://www.metmuseum.org/art/collection/search/269434
24316,282044,Sacrificial Sword (Rāmdāo),Sappho,Himalayan,Other,,,0.3066739737987518,0.4459912180900574,0.3763326406478882,multimodal_cross_context_link,Cross-context computational similarity; requires qualitative historical interpretation,https://www.metmuseum.org/art/collection/search/24316,https://www.metmuseum.org/art/collection/search/282044
24316,307598,Sacrificial Sword (Rāmdāo),Eagle relief,Himalayan,Other,,,0.4531673789024353,0.3775551319122314,0.415361225605011,multimodal_cross_context_link,Cross-context computational similarity; requires qualitative historical interpretation,https://www.metmuseum.org/art/collection/search/24316,https://www.metmuseum.org/art/collection/search/307598
24316,307599,Sacrificial Sword (Rāmdāo),Eagle relief,Himalayan,Other,,,0.5026982426643372,0.360370010137558,0.4315341114997864,multimodal_cross_context_link,Cross-context computational similarity; requires qualitative historical interpretation,https://www.metmuseum.org/art/collection/search/24316,https://www.metmuseum.org/art/collection/search/307599
24316,307634,Sacrificial Sword (Rāmdāo),Cihuateotl,Himalayan,Other,,,0.3736433982849121,0.4331791996955871,0.403411328792572,multimodal_cross_context_link,Cross-context computational similarity; requires qualitative historical interpretation,https://www.metmuseum.org/art/collection/search/24316,https://www.metmuseum.org/art/collection/search/307634
24316,308022,Sacrificial Sword (Rāmdāo),Embroidered bag with fringe,Himalayan,Other,,,0.4123809337615967,0.5605731010437012,0.4864770174026489,multimodal_cross_context_link,Cross-context computational similarity; requires qualitative historical interpretation,https://www.metmuseum.org/art/collection/search/24316,https://www.metmuseum.org/art/collection/search/308022
24316,308024,Sacrificial Sword (Rāmdāo),Embroidered bag with fringe,Himalayan,Other,,,0.4395270645618438,0.5605731010437012,0.5000500679016113,multimodal_cross_context_link,Cross-context computational similarity; requires qualitative historical interpretation,https://www.metmuseum.org/art/collection/search/24316,https://www.metmuseum.org/art/collection/search/308024
24316,308565,Sacrificial Sword (Rāmdāo),Stirrup-spout bottle with mountain sacrifice scene,Himalayan,Other,,,0.5027897357940674,0.5876177549362183,0.5452038049697876,multimodal_cross_context_link,Cross-context computational similarity; requires qualitative historical interpretation,https://www.metmuseum.org/art/collection/search/24316,https://www.metmuseum.org/art/collection/search/308565
24316,309227,Sacrificial Sword (Rāmdāo),Tupu (pin),Himalayan,Other,,,0.7384158372879028,0.6112971305847168,0.6748564839363098,multimodal_cross_context_link,Cross-context computational similarity; requires qualitative historical interpretation,https://www.metmuseum.org/art/collection/search/24316,https://www.metmuseum.org/art/collection/search/309227
24316,309389,Sacrificial Sword (Rāmdāo),Urpu (jar),Himalayan,Other,,,0.448122501373291,0.566659688949585,0.5073912143707275,multimodal_cross_context_link,Cross-context computational similarity; requires qualitative historical interpretation,https://www.metmuseum.org/art/collection/search/24316,https://www.metmuseum.org/art/collection/search/309389
24316,309411,Sacrificial Sword (Rāmdāo),Headdress ornament,Himalayan,Other,,,0.5182448625564575,0.5368306040763855,0.5275377035140991,multimodal_cross_context_link,Cross-context computational similarity; requires qualitative historical interpretation,https://www.metmuseum.org/art/collection/search/24316,https://www.metmuseum.org/art/collection/search/309411
24316,309519,Sacrificial Sword (Rāmdāo),Stirrup-spout bottle with feline and snake,Himalayan,Other,,,0.4658713340759277,0.5406674146652222,0.5032693147659302,multimodal_cross_context_link,Cross-context computational similarity; requires qualitative historical interpretation,https://www.metmuseum.org/art/collection/search/24316,https://www.metmuseum.org/art/collection/search/309519
24316,309540,Sacrificial Sword (Rāmdāo),Figure pendant,Himalayan,Other,,,0.3961275517940521,0.5964920520782471,0.4963098168373108,visual_semantic_mismatch,Cross-context computational similarity; requires qualitative historical interpretation,https://www.metmuseum.org/art/collection/search/24316,https://www.metmuseum.org/art/collection/search/309540
24316,309713,Sacrificial Sword (Rāmdāo),Yoke-form vessel,Himalayan,Other,,,0.4630797505378723,0.5752881765365601,0.5191839933395386,multimodal_cross_context_link,Cross-context computational similarity; requires qualitative historical interpretation,https://www.metmuseum.org/art/collection/search/24316,https://www.metmuseum.org/art/collection/search/309713
24316,309943,Sacrificial Sword (Rāmdāo),Miniature male effigy,Himalayan,Other,,,0.4742156267166137,0.6180282831192017,0.5461219549179077,multimodal_cross_context_link,Cross-context computational similarity; requires qualitative historical interpretation,https://www.metmuseum.org/art/collection/search/24316,https://www.metmuseum.org/art/collection/search/309943
24316,309944,Sacrificial Sword (Rāmdāo),Miniature female effigy,Himalayan,Other,,,0.4630935788154602,0.6046223640441895,0.5338580012321472,multimodal_cross_context_link,Cross-context computational similarity; requires qualitative historical interpretation,https://www.metmuseum.org/art/collection/search/24316,https://www.metmuseum.org/art/collection/search/309944
24316,310364,Sacrificial Sword (Rāmdāo),Vessel with mythological scene,Himalayan,Other,,,0.3874267041683197,0.6393515467643738,0.5133891105651855,visual_semantic_mismatch,Cross-context computational similarity; requires qualitative historical interpretation,https://www.metmuseum.org/art/collection/search/24316,https://www.metmuseum.org/art/collection/search/310364
24316,310472,Sacrificial Sword (Rāmdāo),Palma with figure,Himalayan,Other,,,0.488590657711029,0.4647452533245086,0.47666797041893,multimodal_cross_context_link,Cross-context computational similarity; requires qualitative historical interpretation,https://www.metmuseum.org/art/collection/search/24316,https://www.metmuseum.org/art/collection/search/310472
24316,310480,Sacrificial Sword (Rāmdāo),Head of a Rain God,Himalayan,Other,,,0.4172618091106415,0.4369381368160248,0.4270999431610107,multimodal_cross_context_link,Cross-context computational similarity; requires qualitative historical interpretation,https://www.metmuseum.org/art/collection/search/24316,https://www.metmuseum.org/art/collection/search/310480
24316,310498,Sacrificial Sword (Rāmdāo),Standing figure,Himalayan,Other,,,0.4843412637710571,0.3799239993095398,0.4321326613426208,multimodal_cross_context_link,Cross-context computational similarity; requires qualitative historical interpretation,https://www.metmuseum.org/art/collection/search/24316,https://www.metmuseum.org/art/collection/search/310498
24316,310513,Sacrificial Sword (Rāmdāo),Ornament,Himalayan,Other,,,0.533160388469696,0.4956756830215454,0.5144180655479431,multimodal_cross_context_link,Cross-context computational similarity; requires qualitative historical interpretation,https://www.metmuseum.org/art/collection/search/24316,https://www.metmuseum.org/art/collection/search/310513
24316,310540,Sacrificial Sword (Rāmdāo),Column,Himalayan,Other,,,0.492166131734848,0.5138918161392212,0.5030289888381958,multimodal_cross_context_link,Cross-context computational similarity; requires qualitative historical interpretation,https://www.metmuseum.org/art/collection/search/24316,https://www.metmuseum.org/art/collection/search/310540
24316,310542,Sacrificial Sword (Rāmdāo),Whistling vessel,Himalayan,Other,,,0.4402436316013336,0.5483167767524719,0.4942802190780639,multimodal_cross_context_link,Cross-context computational similarity; requires qualitative historical interpretation,https://www.metmuseum.org/art/collection/search/24316,https://www.metmuseum.org/art/collection/search/310542
24316,310552,Sacrificial Sword (Rāmdāo),Incense burner with feline head,Himalayan,Other,,,0.4640567898750305,0.5375320315361023,0.5007944107055664,multimodal_cross_context_link,Cross-context computational similarity; requires qualitative historical interpretation,https://www.metmuseum.org/art/collection/search/24316,https://www.metmuseum.org/art/collection/search/310552
24316,310599,Sacrificial Sword (Rāmdāo),Fish hacha,Himalayan,Other,,,0.4933086037635803,0.461823046207428,0.4775658249855041,multimodal_cross_context_link,Cross-context computational similarity; requires qualitative historical interpretation,https://www.metmuseum.org/art/collection/search/24316,https://www.metmuseum.org/art/collection/search/310599
24316,310681,Sacrificial Sword (Rāmdāo),Lime container,Himalayan,Other,,,0.3815981745719909,0.5476157069206238,0.4646070003509521,multimodal_cross_context_link,Cross-context computational similarity; requires qualitative historical interpretation,https://www.metmuseum.org/art/collection/search/24316,https://www.metmuseum.org/art/collection/search/310681
24316,311159,Sacrificial Sword (Rāmdāo),Ceremonial Board (Malu),Himalayan,Other,,,0.6164836883544922,0.5912185907363892,0.6038511395454407,multimodal_cross_context_link,Cross-context computational similarity; requires qualitative historical interpretation,https://www.metmuseum.org/art/collection/search/24316,https://www.metmuseum.org/art/collection/search/311159
24316,312336,Sacrificial Sword (Rāmdāo),Gwandusu,Himalayan,Other,,,0.4948132038116455,0.5228918194770813,0.5088525414466858,multimodal_cross_context_link,Cross-context computational similarity; requires qualitative historical interpretation,https://www.metmuseum.org/art/collection/search/24316,https://www.metmuseum.org/art/collection/search/312336
24316,312558,Sacrificial Sword (Rāmdāo),Female Figurine,Himalayan,Other,,,0.5117660760879517,0.5648013353347778,0.5382837653160095,multimodal_cross_context_link,Cross-context computational similarity; requires qualitative historical interpretation,https://www.metmuseum.org/art/collection/search/24316,https://www.metmuseum.org/art/collection/search/312558
24316,312581,Sacrificial Sword (Rāmdāo),House model,Himalayan,Other,,,0.4636275768280029,0.4680542945861816,0.465840995311737,multimodal_cross_context_link,Cross-context computational similarity; requires qualitative historical interpretation,https://www.metmuseum.org/art/collection/search/24316,https://www.metmuseum.org/art/collection/search/312581
24316,312694,Sacrificial Sword (Rāmdāo),Ear Spool,Himalayan,Other,,,0.5303922891616821,0.4808678925037384,0.5056301355361938,multimodal_cross_context_link,Cross-context computational similarity; requires qualitative historical interpretation,https://www.metmuseum.org/art/collection/search/24316,https://www.metmuseum.org/art/collection/search/312694
24316,312807,Sacrificial Sword (Rāmdāo),Guaíza,Himalayan,Other,,,0.4577813148498535,0.4871459007263183,0.4724636077880859,multimodal_cross_context_link,Cross-context computational similarity; requires qualitative historical interpretation,https://www.metmuseum.org/art/collection/search/24316,https://www.metmuseum.org/art/collection/search/312807
24316,313240,Sacrificial Sword (Rāmdāo),Relief with enthroned ruler,Himalayan,Other,,,0.4110253751277923,0.4953582286834717,0.4531917870044708,multimodal_cross_context_link,Cross-context computational similarity; requires qualitative historical interpretation,https://www.metmuseum.org/art/collection/search/24316,https://www.metmuseum.org/art/collection/search/313240
24316,313251,Sacrificial Sword (Rāmdāo),Female figurine,Himalayan,Other,,,0.4483123421669006,0.5713935494422913,0.509852945804596,multimodal_cross_context_link,Cross-context computational similarity; requires qualitative historical interpretation,https://www.metmuseum.org/art/collection/search/24316,https://www.metmuseum.org/art/collection/search/313251
24316,313256,Sacrificial Sword (Rāmdāo),Mirror-bearer,Himalayan,Other,,,0.46868896484375,0.57778000831604,0.523234486579895,multimodal_cross_context_link,Cross-context computational similarity; requires qualitative historical interpretation,https://www.metmuseum.org/art/collection/search/24316,https://www.metmuseum.org/art/collection/search/313256
24316,313262,Sacrificial Sword (Rāmdāo),Deity figure,Himalayan,Other,,,0.4268711507320404,0.4447472691535949,0.4358091950416565,multimodal_cross_context_link,Cross-context computational similarity; requires qualitative historical interpretation,https://www.metmuseum.org/art/collection/search/24316,https://www.metmuseum.org/art/collection/search/313262
24316,313289,Sacrificial Sword (Rāmdāo),Hand with beaker,Himalayan,Other,,,0.5625940561294556,0.577488124370575,0.5700410604476929,multimodal_cross_context_link,Cross-context computational similarity; requires qualitative historical interpretation,https://www.metmuseum.org/art/collection/search/24316,https://www.metmuseum.org/art/collection/search/313289
24316,313325,Sacrificial Sword (Rāmdāo),Ceremonial Handle (?),Himalayan,Other,,,0.6246261596679688,0.5314140915870667,0.5780201554298401,multimodal_cross_context_link,Cross-context computational similarity; requires qualitative historical interpretation,https://www.metmuseum.org/art/collection/search/24316,https://www.metmuseum.org/art/collection/search/313325
24316,313398,Sacrificial Sword (Rāmdāo),Nose ornament in the shape of a head,Himalayan,Other,,,0.5030145645141602,0.5544921159744263,0.528753399848938,multimodal_cross_context_link,Cross-context computational similarity; requires qualitative historical interpretation,https://www.metmuseum.org/art/collection/search/24316,https://www.metmuseum.org/art/collection/search/313398
24316,313511,Sacrificial Sword (Rāmdāo),Frog Pendant,Himalayan,Other,,,0.5479086637496948,0.5588140487670898,0.5533614158630371,multimodal_cross_context_link,Cross-context computational similarity; requires qualitative historical interpretation,https://www.metmuseum.org/art/collection/search/24316,https://www.metmuseum.org/art/collection/search/313511
24316,313658,Sacrificial Sword (Rāmdāo),'Otua fefine (deity figure),Himalayan,Other,,,0.4091864228248596,0.520815908908844,0.4650012254714966,multimodal_cross_context_link,Cross-context computational similarity; requires qualitative historical interpretation,https://www.metmuseum.org/art/collection/search/24316,https://www.metmuseum.org/art/collection/search/313658
24316,313676,Sacrificial Sword (Rāmdāo),Tahiri ra'a (fly whisk),Himalayan,Other,,,0.5623471140861511,0.4836058914661407,0.5229765176773071,multimodal_cross_context_link,Cross-context computational similarity; requires qualitative historical interpretation,https://www.metmuseum.org/art/collection/search/24316,https://www.metmuseum.org/art/collection/search/313676
24316,314217,Sacrificial Sword (Rāmdāo),Vessel with mythological scene,Himalayan,Other,,,0.3782118856906891,0.5565042495727539,0.4673581123352051,multimodal_cross_context_link,Cross-context computational similarity; requires qualitative historical interpretation,https://www.metmuseum.org/art/collection/search/24316,https://www.metmuseum.org/art/collection/search/314217
24316,314518,Sacrificial Sword (Rāmdāo),Tetrapod Bowl,Himalayan,Other,,,0.455251395702362,0.5018562078475952,0.478553831577301,multimodal_cross_context_link,Cross-context computational similarity; requires qualitative historical interpretation,https://www.metmuseum.org/art/collection/search/24316,https://www.metmuseum.org/art/collection/search/314518
24316,314522,Sacrificial Sword (Rāmdāo),Tetrapod Jar,Himalayan,Other,,,0.4999444484710693,0.4696128964424133,0.4847786724567413,multimodal_cross_context_link,Cross-context computational similarity; requires qualitative historical interpretation,https://www.metmuseum.org/art/collection/search/24316,https://www.metmuseum.org/art/collection/search/314522
24316,314523,Sacrificial Sword (Rāmdāo),Cylindrical Vessel,Himalayan,Other,,,0.5469965934753418,0.5408429503440857,0.5439198613166809,multimodal_cross_context_link,Cross-context computational similarity; requires qualitative historical interpretation,https://www.metmuseum.org/art/collection/search/24316,https://www.metmuseum.org/art/collection/search/314523
24316,314524,Sacrificial Sword (Rāmdāo),Cylindrical Vessel,Himalayan,Other,,,0.5131450295448303,0.5581753849983215,0.5356601476669312,multimodal_cross_context_link,Cross-context computational similarity; requires qualitative historical interpretation,https://www.metmuseum.org/art/collection/search/24316,https://www.metmuseum.org/art/collection/search/314524
24316,314528,Sacrificial Sword (Rāmdāo),Tunic with Diamond Band,Himalayan,Other,,,0.5125837326049805,0.6575108766555786,0.5850472450256348,multimodal_cross_context_link,Cross-context computational similarity; requires qualitative historical interpretation,https://www.metmuseum.org/art/collection/search/24316,https://www.metmuseum.org/art/collection/search/314528
24316,315668,Sacrificial Sword (Rāmdāo),Tupu (pin),Himalayan,Other,,,0.7554510235786438,0.5710241794586182,0.6632376313209534,multimodal_cross_context_link,Cross-context computational similarity; requires qualitative historical interpretation,https://www.metmuseum.org/art/collection/search/24316,https://www.metmuseum.org/art/collection/search/315668
24316,315735,Sacrificial Sword (Rāmdāo),Crucifix,Himalayan,Other,,,0.5949938893318176,0.5004546046257019,0.5477242469787598,multimodal_cross_context_link,Cross-context computational similarity; requires qualitative historical interpretation,https://www.metmuseum.org/art/collection/search/24316,https://www.metmuseum.org/art/collection/search/315735
24316,316274,Sacrificial Sword (Rāmdāo),Plate with trumpeter,Himalayan,Other,,,0.4315305054187774,0.5383471250534058,0.4849388301372528,multimodal_cross_context_link,Cross-context computational similarity; requires qualitative historical interpretation,https://www.metmuseum.org/art/collection/search/24316,https://www.metmuseum.org/art/collection/search/316274
24316,316304,Sacrificial Sword (Rāmdāo),Tripod Plate,Himalayan,Other,,,0.4188244044780731,0.5492774248123169,0.4840509593486786,multimodal_cross_context_link,Cross-context computational similarity; requires qualitative historical interpretation,https://www.metmuseum.org/art/collection/search/24316,https://www.metmuseum.org/art/collection/search/316304
24316,316415,Sacrificial Sword (Rāmdāo),Ceremonial Textile (Tampan),Himalayan,Other,,,0.3824189007282257,0.649193286895752,0.5158060789108276,visual_semantic_mismatch,Cross-context computational similarity; requires qualitative historical interpretation,https://www.metmuseum.org/art/collection/search/24316,https://www.metmuseum.org/art/collection/search/316415
24316,316427,Sacrificial Sword (Rāmdāo),Tumi (knife),Himalayan,Other,,,0.5158205628395081,0.6072129607200623,0.5615167617797852,multimodal_cross_context_link,Cross-context computational similarity; requires qualitative historical interpretation,https://www.metmuseum.org/art/collection/search/24316,https://www.metmuseum.org/art/collection/search/316427
24316,316436,Sacrificial Sword (Rāmdāo),Earflare with ritual procession,Himalayan,Other,,,0.3892650902271271,0.5659672021865845,0.4776161313056946,multimodal_cross_context_link,Cross-context computational similarity; requires qualitative historical interpretation,https://www.metmuseum.org/art/collection/search/24316,https://www.metmuseum.org/art/collection/search/316436
24316,316437,Sacrificial Sword (Rāmdāo),Earflare with ritual procession,Himalayan,Other,,,0.406549334526062,0.5800555944442749,0.4933024644851684,multimodal_cross_context_link,Cross-context computational similarity; requires qualitative historical interpretation,https://www.metmuseum.org/art/collection/search/24316,https://www.metmuseum.org/art/collection/search/316437
24316,316691,Sacrificial Sword (Rāmdāo),Figure pendant,Himalayan,Other,,,0.4373200535774231,0.5567554235458374,0.4970377385616302,multimodal_cross_context_link,Cross-context computational similarity; requires qualitative historical interpretation,https://www.metmuseum.org/art/collection/search/24316,https://www.metmuseum.org/art/collection/search/316691
24316,316813,Sacrificial Sword (Rāmdāo),"Jar, Ritual Scenes",Himalayan,Other,,,0.4421967267990112,0.5124582052230835,0.4773275256156921,multimodal_cross_context_link,Cross-context computational similarity; requires qualitative historical interpretation,https://www.metmuseum.org/art/collection/search/24316,https://www.metmuseum.org/art/collection/search/316813
24316,316846,Sacrificial Sword (Rāmdāo),Kero (beaker),Himalayan,Other,,,0.5019277334213257,0.5487142205238342,0.5253210067749023,multimodal_cross_context_link,Cross-context computational similarity; requires qualitative historical interpretation,https://www.metmuseum.org/art/collection/search/24316,https://www.metmuseum.org/art/collection/search/316846
24316,316847,Sacrificial Sword (Rāmdāo),Kero (beaker),Himalayan,Other,,,0.4940884709358215,0.548714280128479,0.5214013457298279,multimodal_cross_context_link,Cross-context computational similarity; requires qualitative historical interpretation,https://www.metmuseum.org/art/collection/search/24316,https://www.metmuseum.org/art/collection/search/316847
24316,316963,Sacrificial Sword (Rāmdāo),Four-Cornered Hat,Himalayan,Other,,,0.31855109333992,0.5775391459465027,0.4480451941490173,visual_semantic_mismatch,Cross-context computational similarity; requires qualitative historical interpretation,https://www.metmuseum.org/art/collection/search/24316,https://www.metmuseum.org/art/collection/search/316963
24316,317619,Sacrificial Sword (Rāmdāo),Turkey Vessel,Himalayan,Other,,,0.4366573691368103,0.5095989108085632,0.4731281995773315,multimodal_cross_context_link,Cross-context computational similarity; requires qualitative historical interpretation,https://www.metmuseum.org/art/collection/search/24316,https://www.metmuseum.org/art/collection/search/317619
24316,317753,Sacrificial Sword (Rāmdāo),Female figurine,Himalayan,Other,,,0.4848583042621612,0.5908508896827698,0.5378546118736267,multimodal_cross_context_link,Cross-context computational similarity; requires qualitative historical interpretation,https://www.metmuseum.org/art/collection/search/24316,https://www.metmuseum.org/art/collection/search/317753
24316,317760,Sacrificial Sword (Rāmdāo),Pair of carved ornaments with the Maize God,Himalayan,Other,,,0.4985057115554809,0.509642481803894,0.5040740966796875,multimodal_cross_context_link,Cross-context computational similarity; requires qualitative historical interpretation,https://www.metmuseum.org/art/collection/search/24316,https://www.metmuseum.org/art/collection/search/317760
24316,317802,Sacrificial Sword (Rāmdāo),Pestle Finial,Himalayan,Other,,,0.5246684551239014,0.4756966233253479,0.5001825094223022,multimodal_cross_context_link,Cross-context computational similarity; requires qualitative historical interpretation,https://www.metmuseum.org/art/collection/search/24316,https://www.metmuseum.org/art/collection/search/317802
24316,317803,Sacrificial Sword (Rāmdāo),Bird Figure,Himalayan,Other,,,0.4306328892707824,0.4236036539077759,0.4271182417869568,multimodal_cross_context_link,Cross-context computational similarity; requires qualitative historical interpretation,https://www.metmuseum.org/art/collection/search/24316,https://www.metmuseum.org/art/collection/search/317803
24316,317804,Sacrificial Sword (Rāmdāo),Club Head,Himalayan,Other,,,0.4434168934822082,0.4943848252296448,0.4689008295536041,multimodal_cross_context_link,Cross-context computational similarity; requires qualitative historical interpretation,https://www.metmuseum.org/art/collection/search/24316,https://www.metmuseum.org/art/collection/search/317804
24316,317877,Sacrificial Sword (Rāmdāo),Processional Cross,Himalayan,Other,,,0.6273656487464905,0.5815666913986206,0.6044661998748779,multimodal_cross_context_link,Cross-context computational similarity; requires qualitative historical interpretation,https://www.metmuseum.org/art/collection/search/24316,https://www.metmuseum.org/art/collection/search/317877
24316,318345,Sacrificial Sword (Rāmdāo),Censer with seated king,Himalayan,Other,,,0.4541823267936706,0.5119431614875793,0.483062744140625,multimodal_cross_context_link,Cross-context computational similarity; requires qualitative historical interpretation,https://www.metmuseum.org/art/collection/search/24316,https://www.metmuseum.org/art/collection/search/318345
24316,318622,Sacrificial Sword (Rāmdāo),Pendant mask of Ìyọ́bà Idià,Himalayan,Other,,,0.4304453134536743,0.5536327958106995,0.4920390546321869,multimodal_cross_context_link,Cross-context computational similarity; requires qualitative historical interpretation,https://www.metmuseum.org/art/collection/search/24316,https://www.metmuseum.org/art/collection/search/318622
24316,318662,Sacrificial Sword (Rāmdāo),Vessel with throne scene,Himalayan,Other,,,0.3918599188327789,0.5818869471549988,0.48687344789505,multimodal_cross_context_link,Cross-context computational similarity; requires qualitative historical interpretation,https://www.metmuseum.org/art/collection/search/24316,https://www.metmuseum.org/art/collection/search/318662
24316,319633,Sacrificial Sword (Rāmdāo),Cylindrical Vessel,Himalayan,Other,,,0.4335589706897735,0.5672162771224976,0.5003876686096191,multimodal_cross_context_link,Cross-context computational similarity; requires qualitative historical interpretation,https://www.metmuseum.org/art/collection/search/24316,https://www.metmuseum.org/art/collection/search/319633
24316,319873,Sacrificial Sword (Rāmdāo),Deity face pendant,Himalayan,Other,,,0.4334814846515655,0.5293655395507812,0.4814235270023346,multimodal_cross_context_link,Cross-context computational similarity; requires qualitative historical interpretation,https://www.metmuseum.org/art/collection/search/24316,https://www.metmuseum.org/art/collection/search/319873
24316,320054,Sacrificial Sword (Rāmdāo),Miniature tabard,Himalayan,Other,,,0.4553073346614837,0.6175830960273743,0.5364452600479126,multimodal_cross_context_link,Cross-context computational similarity; requires qualitative historical interpretation,https://www.metmuseum.org/art/collection/search/24316,https://www.metmuseum.org/art/collection/search/320054
24316,320347,Sacrificial Sword (Rāmdāo),Feathered serpent head,Himalayan,Other,,,0.4708743393421173,0.4786163568496704,0.4747453927993774,multimodal_cross_context_link,Cross-context computational similarity; requires qualitative historical interpretation,https://www.metmuseum.org/art/collection/search/24316,https://www.metmuseum.org/art/collection/search/320347
24316,320804,Sacrificial Sword (Rāmdāo),Hanging (?) Fragment,Himalayan,Other,,,0.4817303419113159,0.582485556602478,0.532107949256897,multimodal_cross_context_link,Cross-context computational similarity; requires qualitative historical interpretation,https://www.metmuseum.org/art/collection/search/24316,https://www.metmuseum.org/art/collection/search/320804
24316,320962,Sacrificial Sword (Rāmdāo),Tälsäm or yä bərana kətab (healing scroll),Himalayan,Other,,,0.4838582277297973,0.4923213124275207,0.4880897402763366,multimodal_cross_context_link,Cross-context computational similarity; requires qualitative historical interpretation,https://www.metmuseum.org/art/collection/search/24316,https://www.metmuseum.org/art/collection/search/320962
24316,322610,Sacrificial Sword (Rāmdāo),Relief panel,Himalayan,Other,,Neo-Assyrian,0.5003550052642822,0.3621642291545868,0.4312596619129181,multimodal_cross_context_link,Cross-context computational similarity; requires qualitative historical interpretation,https://www.metmuseum.org/art/collection/search/24316,https://www.metmuseum.org/art/collection/search/322610
24316,322619,Sacrificial Sword (Rāmdāo),Relief panel,Himalayan,Other,,Neo-Assyrian,0.4296696484088897,0.3621642291545868,0.395916998386383,multimodal_cross_context_link,Cross-context computational similarity; requires qualitative historical interpretation,https://www.metmuseum.org/art/collection/search/24316,https://www.metmuseum.org/art/collection/search/322619
24316,322621,Sacrificial Sword (Rāmdāo),Relief panel,Himalayan,Other,,Neo-Assyrian,0.4402751922607422,0.3621642291545868,0.401219755411148,multimodal_cross_context_link,Cross-context computational similarity; requires qualitative historical interpretation,https://www.metmuseum.org/art/collection/search/24316,https://www.metmuseum.org/art/collection/search/322621
24316,322973,Sacrificial Sword (Rāmdāo),Plate with king hunting rams,Himalayan,Other,,Sasanian,0.4356890320777893,0.5628439784049988,0.499266505241394,multimodal_cross_context_link,Cross-context computational similarity; requires qualitative historical interpretation,https://www.metmuseum.org/art/collection/search/24316,https://www.metmuseum.org/art/collection/search/322973
24316,323479,Sacrificial Sword (Rāmdāo),Drachm,Himalayan,Other,,Parthian,0.5068173408508301,0.5159962177276611,0.5114067792892456,multimodal_cross_context_link,Cross-context computational similarity; requires qualitative historical interpretation,https://www.metmuseum.org/art/collection/search/24316,https://www.metmuseum.org/art/collection/search/323479
24316,324139,Sacrificial Sword (Rāmdāo),Jar with paired birds in panels,Himalayan,Other,,,0.4591668248176574,0.4252975583076477,0.4422322511672973,multimodal_cross_context_link,Cross-context computational similarity; requires qualitative historical interpretation,https://www.metmuseum.org/art/collection/search/24316,https://www.metmuseum.org/art/collection/search/324139
24316,324324,Sacrificial Sword (Rāmdāo),Handle of a flywhisk or fan,Himalayan,Other,,Neo-Assyrian,0.5652621984481812,0.4535209238529205,0.5093916654586792,multimodal_cross_context_link,Cross-context computational similarity; requires qualitative historical interpretation,https://www.metmuseum.org/art/collection/search/24316,https://www.metmuseum.org/art/collection/search/324324
24316,324596,Sacrificial Sword (Rāmdāo),Plaque with tribute bearers,Himalayan,Other,,Neo-Assyrian,0.5782936811447144,0.4989372789859772,0.5386154651641846,multimodal_cross_context_link,Cross-context computational similarity; requires qualitative historical interpretation,https://www.metmuseum.org/art/collection/search/24316,https://www.metmuseum.org/art/collection/search/324596
24316,324599,Sacrificial Sword (Rāmdāo),Incised furniture plaque with two ibexes flanking a stylized palmette tree,Himalayan,Other,,Neo-Assyrian,0.5758179426193237,0.4606983661651611,0.5182581543922424,multimodal_cross_context_link,Cross-context computational similarity; requires qualitative historical interpretation,https://www.metmuseum.org/art/collection/search/24316,https://www.metmuseum.org/art/collection/search/324599
24316,325818,Sacrificial Sword (Rāmdāo),Necklace with the head of the Egyptian god Bes,Himalayan,Other,,Achaemenid,0.4874691963195801,0.5710940957069397,0.5292816162109375,multimodal_cross_context_link,Cross-context computational similarity; requires qualitative historical interpretation,https://www.metmuseum.org/art/collection/search/24316,https://www.metmuseum.org/art/collection/search/325818
24316,327315,Sacrificial Sword (Rāmdāo),Miniature vessel,Himalayan,Other,,,0.4513992667198181,0.498726487159729,0.4750629067420959,multimodal_cross_context_link,Cross-context computational similarity; requires qualitative historical interpretation,https://www.metmuseum.org/art/collection/search/24316,https://www.metmuseum.org/art/collection/search/327315
24316,327399,Sacrificial Sword (Rāmdāo),Vessel terminating in the forepart of a stag,Himalayan,Other,,Hittite Empire,0.4874740839004516,0.5160008668899536,0.5017374753952026,multimodal_cross_context_link,Cross-context computational similarity; requires qualitative historical interpretation,https://www.metmuseum.org/art/collection/search/24316,https://www.metmuseum.org/art/collection/search/327399
24316,328593,Sacrificial Sword (Rāmdāo),Monstrous male figure,Himalayan,Other,,Bronze Age,0.4511646330356598,0.5002573728561401,0.475710928440094,multimodal_cross_context_link,Cross-context computational similarity; requires qualitative historical interpretation,https://www.metmuseum.org/art/collection/search/24316,https://www.metmuseum.org/art/collection/search/328593
