object_id_1,object_id_2,multimodal_similarity
24316,678610,0.9485014081001282
24316,24317,0.7990294694900513
24316,24318,0.7500438094139099
24316,309227,0.6748561263084412
24316,315668,0.6632378101348877
24317,24318,0.8555777668952942
24317,678610,0.7496731877326965
24317,309227,0.6565405130386353
24317,315668,0.6282742619514465
24318,678610,0.7475829124450684
24318,316427,0.6107692122459412
24318,309227,0.5917155146598816
36033,39959,0.7188091278076172
36033,53660,0.711334764957428
36033,53226,0.7106837630271912
36033,39901,0.710232675075531
36033,39931,0.6939948797225952
36069,53205,0.8426944017410278
36069,752005,0.8330193758010864
36069,39742,0.8234477043151855
36069,40282,0.8156487345695496
36069,39482,0.7888749241828918
36069,37804,0.7052175998687744
36069,38006,0.7647717595100403
36069,41865,0.6556313037872314
36069,53187,0.7661251425743103
36069,78145,0.7430685758590698
36069,320962,0.6298332810401917
36131,39931,0.8403832316398621
36131,44759,0.7836298942565918
36131,39959,0.7349932789802551
36131,53226,0.7121446132659912
36131,53455,0.6907719969749451
36437,53226,0.7866159677505493
36437,40080,0.7714850306510925
36437,53408,0.7569427490234375
36437,53237,0.7565052509307861
36437,53238,0.7337043285369873
37804,39742,0.8131927847862244
37804,53205,0.7749935388565063
37804,37807,0.7580990791320801
37804,38006,0.7452452778816223
37804,314528,0.6748031973838806
37804,320962,0.6292423009872437
37807,39742,0.8414064645767212
37807,38006,0.7897367477416992
37807,53205,0.7680743336677551
37807,752005,0.7425614595413208
37807,228995,0.5987434983253479
37857,37900,0.7700198292732239
37857,453212,0.7657973170280457
37857,453267,0.7523021697998047
37857,454344,0.751430869102478
37857,451264,0.7466369867324829
37857,451270,0.7422434687614441
37878,37900,0.7423261404037476
37878,38057,0.7333925366401672
37878,453212,0.6945125460624695
37878,453975,0.685209333896637
37878,446563,0.6768121719360352
37878,453354,0.6643592715263367
37900,37904,0.8738626837730408
37900,453212,0.8134661912918091
37900,453267,0.7814717292785645
37900,456342,0.779969334602356
37900,454359,0.7798947691917419
37900,38057,0.7077521681785583
37900,78257,0.6599622964859009
37900,78260,0.7029526829719543
37900,451287,0.7239325642585754
37904,453212,0.7076030969619751
37904,456342,0.7027811408042908
37904,453193,0.7020531296730042
37904,454359,0.6822060942649841
38006,39742,0.7971450686454773
38006,53205,0.7847798466682434
38006,40282,0.780685305595398
38006,57363,0.7230154871940613
38057,453212,0.7038388252258301
38057,451270,0.6954923868179321
38057,448183,0.6924940347671509
38057,78257,0.644481360912323
38057,453354,0.6323717832565308
38122,38317,0.8129860162734985
38122,42733,0.7963196635246277
38122,61820,0.7960156798362732
38122,45449,0.7746877670288086
38122,61532,0.7728158235549927
38122,38452,0.7537371516227722
38122,53158,0.758599579334259
38159,38440,0.7932144999504089
38159,39092,0.7688140869140625
38159,313658,0.723325252532959
38159,38945,0.7183180451393127
38159,61658,0.715313732624054
38159,312336,0.6970467567443848
38317,53158,0.8136153817176819
38317,61820,0.7874993085861206
38317,38777,0.7737212777137756
38317,61532,0.7709237933158875
38317,38440,0.7692420482635498
38317,38452,0.7680819034576416
38317,41865,0.6588358283042908
38317,266450,0.6433786153793335
38440,61658,0.7599127888679504
38440,38970,0.7538970708847046
38440,76084,0.7468657493591309
38440,38945,0.7372612357139587
38440,266450,0.6273370385169983
38440,311159,0.6531245112419128
38440,312336,0.7465873956680298
38440,451909,0.7048079371452332
38452,53158,0.751247763633728
38452,38777,0.7325752973556519
38452,61820,0.7263062596321106
38452,192770,0.6245297789573669
38452,322619,0.7018064856529236
38452,322621,0.7145387530326843
38634,39134,0.7620529532432556
38634,38970,0.75767982006073
38634,45449,0.7540505528450012
38634,38777,0.7485286593437195
38634,61658,0.7423588633537292
38634,329077,0.7226381897926331
38777,450483,0.7627053260803223
38777,42733,0.7582199573516846
38777,448959,0.7574658393859863
38777,61820,0.7561337947845459
38777,329077,0.7360608577728271
38945,39134,0.8000845313072205
38945,38970,0.7893337607383728
38945,45449,0.7814327478408813
38945,38950,0.7549882531166077
38945,204587,0.6552455425262451
38950,39092,0.8860666751861572
38950,45449,0.7497158646583557
38950,61658,0.7384577393531799
38950,39047,0.7250889539718628
38970,45449,0.7943472862243652
38970,39134,0.7830711007118225
38970,205883,0.777776837348938
38970,61820,0.7739654779434204
38970,39047,0.7520233988761902
38970,207536,0.6976121068000793
39046,39048,0.9016029834747314
39046,39047,0.891803503036499
39046,39054,0.8882931470870972
39046,57573,0.7500255107879639
39046,61820,0.7237248420715332
39046,327399,0.6242971420288086
39047,39048,0.9499247670173645
39047,39054,0.9248078465461731
39047,57573,0.7742679119110107
39047,39092,0.7445909380912781
39047,53176,0.742403507232666
39047,193451,0.6583240032196045
39047,266450,0.6232900023460388
39047,325818,0.6072037220001221
39048,39054,0.9338511824607849
39048,57573,0.7752798795700073
39048,53165,0.734819233417511
39048,53167,0.6726178526878357
39048,193451,0.6417558193206787
39054,57573,0.76528400182724
39054,53165,0.7339191436767578
39054,193451,0.6651265621185303
39092,61658,0.7562304735183716
39092,45449,0.7473885416984558
39092,329077,0.7415291666984558
39134,45449,0.761845588684082
39134,61658,0.7468865513801575
39134,328593,0.6905243396759033
39134,454738,0.6252392530441284
39482,752005,0.8098906874656677
39482,53205,0.7999680638313293
39482,40282,0.7905394434928894
39482,53189,0.7777621746063232
39482,53187,0.774617612361908
39569,39895,0.7836344242095947
39569,40513,0.7468007802963257
39569,39959,0.7461959719657898
39569,39901,0.7273256182670593
39569,53194,0.7244805097579956
39569,53427,0.7163795828819275
39569,53892,0.7188306450843811
39742,53205,0.8547713160514832
39742,53438,0.713135838508606
39742,68310,0.6537851691246033
39742,78257,0.6453844904899597
39742,78260,0.6721238493919373
39742,228990,0.6240431070327759
39742,228995,0.6303972005844116
39742,316415,0.6620593070983887
39895,40513,0.80565345287323
39895,39901,0.7906913757324219
39895,53660,0.7682163119316101
39895,44759,0.7614325284957886
39895,39959,0.7564100027084351
39901,53238,0.7531424164772034
39901,53660,0.743492841720581
39901,39959,0.7385815382003784
39901,44759,0.7309123277664185
39901,40513,0.7191240787506104
39931,44759,0.8594639897346497
39931,39959,0.7429777979850769
39931,53455,0.7332779765129089
39931,53238,0.7320655584335327
39959,40513,0.7675355076789856
39959,53226,0.7635309100151062
40080,49068,0.83853679895401
40080,53408,0.7865962982177734
40080,53238,0.7728928327560425
40080,53226,0.7644289135932922
40282,752005,0.8247005939483643
40282,53205,0.7769502997398376
40282,53438,0.7189667820930481
40282,57363,0.7321887612342834
40513,53238,0.7351025342941284
41865,61532,0.688762366771698
41865,61820,0.6613724827766418
41865,53205,0.6551130414009094
42188,61820,0.7590098977088928
42188,42733,0.7309175133705139
42188,205883,0.7297663688659668
42188,53162,0.710139811038971
42188,61658,0.7047516107559204
42188,207536,0.6728494167327881
42733,61820,0.8667847514152527
42733,61658,0.822020411491394
42733,45449,0.8146321177482605
42733,76084,0.8025839328765869
42733,53162,0.7331925630569458
42733,53165,0.7432883977890015
42733,53167,0.6760096549987793
42733,53176,0.7377361059188843
42733,61532,0.7730424404144287
42733,197461,0.6634724140167236
42733,205883,0.7938549518585205
42733,503651,0.6111018061637878
44759,53455,0.7349973917007446
45258,53241,0.7870708107948303
45258,49068,0.7801844477653503
45258,53429,0.762628972530365
45258,53013,0.7590281367301941
45258,53242,0.7535390853881836
45258,53428,0.6916448473930359
45449,61820,0.7828354835510254
45449,61658,0.7746679782867432
49068,53455,0.8230682611465454
49068,53238,0.8162216544151306
49068,60470,0.7789812684059143
49068,53226,0.7756655216217041
49068,53237,0.7747736573219299
49068,53408,0.7530253529548645
53013,53429,0.8597280979156494
53013,53242,0.8469706773757935
53013,53241,0.8203434348106384
53013,53428,0.8104156851768494
53013,53892,0.7181220054626465
53013,73540,0.6434696316719055
53158,61820,0.7685561776161194
53158,61532,0.7641916871070862
53162,53165,0.783419668674469
53162,61658,0.7664636373519897
53162,61820,0.7471408843994141
53162,76084,0.7443366050720215
53162,53190,0.7130047082901001
53165,76084,0.7894881963729858
53165,53176,0.7640649080276489
53165,61820,0.7454618811607361
53165,53190,0.7121603488922119
53165,53625,0.6930071115493774
53167,76084,0.6850734949111938
53167,53176,0.6819258332252502
53167,61532,0.6774894595146179
53167,53650,0.5510517358779907
53176,76084,0.7909979820251465
53176,61658,0.7552165985107422
53176,53190,0.6619035005569458
53180,53189,0.816443920135498
53180,752005,0.800997257232666
53180,57249,0.7759835720062256
53180,78145,0.7683753967285156
53180,53187,0.7650891542434692
53187,53205,0.8038415908813477
53187,752005,0.7823710441589355
53187,53189,0.7786492109298706
53187,78145,0.7418272495269775
53187,320962,0.6261333227157593
53189,752005,0.8204849362373352
53189,53205,0.8078339695930481
53189,57249,0.8052076101303101
53189,53238,0.7963579893112183
53189,53408,0.7659621834754944
53189,68308,0.6487840414047241
53189,68310,0.6670613884925842
53189,320962,0.6564284563064575
53190,76084,0.65755295753479
53190,53625,0.6567180156707764
53194,60451,0.8517138361930847
53194,60470,0.8080329895019531
53194,53455,0.8060936331748962
53194,53226,0.8014816641807556
53194,60437,0.8009316921234131
53194,53237,0.7694519758224487
53194,53427,0.726655125617981
53194,53660,0.7687780857086182
53194,53892,0.7119696140289307
53194,68308,0.6159067153930664
53194,73540,0.6359737515449524
53205,752005,0.821803867816925
53205,53438,0.7387887835502625
53205,57363,0.7462424039840698
53205,68308,0.6191986203193665
53205,68310,0.6462802886962891
53205,78257,0.6422919034957886
53205,320962,0.6819756031036377
53205,452102,0.5172572731971741
53226,53238,0.7876070737838745
53226,53237,0.772914707660675
53226,53427,0.6982789039611816
53237,53455,0.8070292472839355
53237,53408,0.7686358690261841
53238,57249,0.8086345195770264
53238,78145,0.786431074142456
53241,53242,0.831192672252655
53241,53429,0.8073065280914307
53241,53428,0.7667142748832703
53242,53429,0.7989095449447632
53242,53428,0.7533829212188721
53242,53892,0.7233461737632751
53427,53660,0.7203559875488281
53427,53455,0.6952201128005981
53427,73540,0.6332137584686279
53428,53429,0.7698194980621338
53438,57363,0.8988139629364014
53438,752005,0.7479116320610046
53455,60451,0.8380088210105896
53455,60470,0.8344202637672424
53455,60437,0.830514669418335
53455,53660,0.7605385184288025
53455,53892,0.7045342326164246
53455,60435,0.7958762049674988
53455,73540,0.6610380411148071
53455,752008,0.764421820640564
53625,313658,0.7218062877655029
53625,313251,0.7131296396255493
53625,312558,0.7113203406333923
53625,317753,0.6868884563446045
53625,317803,0.6734721660614014
53625,503651,0.5959277749061584
53650,310552,0.5772913098335266
53650,313511,0.5763207674026489
53650,503651,0.554046630859375
53650,313398,0.5462474226951599
53660,60470,0.7712963819503784
53660,60451,0.7700803875923157
53660,73540,0.6604080200195312
57249,78145,0.7996997237205505
57249,752005,0.7638598084449768
57363,752005,0.7310220003128052
57573,61820,0.761425793170929
57573,193451,0.6631577610969543
60435,60470,0.9096710681915283
60435,60437,0.8918836116790771
60435,60451,0.8835005760192871
60435,752008,0.8096191883087158
60437,60451,0.8562442064285278
60437,60470,0.8373910784721375
60437,752008,0.7916461229324341
60451,60470,0.9217972755432129
60451,752008,0.7729449272155762
60470,752008,0.7944923639297485
61532,61820,0.7652140855789185
61658,76084,0.8138962984085083
61658,205883,0.8004147410392761
61658,61820,0.7879191040992737
61658,312336,0.7014203071594238
61658,503651,0.6112488508224487
61820,205883,0.7804064750671387
61820,207536,0.676780104637146
61820,503651,0.5891805291175842
68308,68310,0.8652223944664001
68308,316415,0.6121416687965393
68310,316415,0.6407798528671265
76084,205883,0.7885313630104065
78257,78260,0.6796321868896484
78260,447752,0.6763799786567688
78260,453212,0.6644780039787292
192770,207536,0.6676142811775208
192770,197460,0.6442320346832275
192770,436513,0.61625075340271
192770,197461,0.5965654253959656
193451,207536,0.637604296207428
194191,453312,0.6113462448120117
194191,316437,0.608933687210083
194191,312694,0.6031380891799927
194191,454738,0.5990967154502869
194191,206965,0.5865297317504883
197460,197461,0.8922219276428223
197460,207536,0.7016353011131287
197460,204587,0.6944382190704346
197460,200668,0.6669889092445374
197460,203915,0.6626361608505249
197460,236643,0.6321485042572021
197461,204587,0.6876254081726074
197461,207536,0.6673344373703003
197461,328593,0.6637207269668579
197461,206965,0.43667206168174744
197461,236643,0.6283999085426331
200668,312558,0.6589192748069763
200668,201718,0.6376194953918457
200668,207536,0.6366816163063049
200668,313251,0.6346863508224487
200840,207157,0.7358735799789429
200840,237451,0.7358735799789429
200840,201718,0.6612375974655151
200840,452032,0.6071816086769104
200840,236643,0.5990129709243774
201718,207157,0.7237122058868408
201718,237451,0.7237122058868408
201718,203915,0.6527311205863953
201718,309943,0.6457895040512085
203915,207536,0.7322519421577454
203915,312558,0.7250761985778809
203915,317753,0.7177224159240723
203915,204587,0.7025086879730225
203915,309943,0.7000061869621277
203915,266450,0.6464996933937073
204587,329077,0.69459468126297
204587,206965,0.4382251799106598
204587,236643,0.623180091381073
205883,207157,0.6244215965270996
205883,237451,0.6244215965270996
205883,454353,0.6288474798202515
206965,239512,0.4804592728614807
206965,452364,0.46238258481025696
207157,237451,0.999999463558197
207157,207536,0.6149002313613892
207536,236643,0.635871410369873
207536,237451,0.6149002313613892
207536,266450,0.6283732652664185
228990,438821,0.6703841686248779
228990,436513,0.6313787698745728
228990,228995,0.6151410341262817
228990,437202,0.6151084303855896
228990,383883,0.5814590454101562
228990,437654,0.5945459604263306
228995,446563,0.6340413689613342
228995,436513,0.6156523823738098
228995,239512,0.5892499685287476
236643,308565,0.6225948333740234
239512,452211,0.6564520001411438
239512,452032,0.5947647094726562
239512,454738,0.5920637249946594
239512,316691,0.5872427225112915
266450,268710,0.5787112712860107
266450,282044,0.6147488951683044
268710,282044,0.740889847278595
268710,269434,0.6393016576766968
268710,435844,0.5903396010398865
268710,436658,0.5695920586585999
269434,282044,0.6521724462509155
269434,437508,0.5236908197402954
269434,437873,0.5100424885749817
269434,436658,0.500869870185852
282044,436896,0.6149216294288635
282044,437769,0.6073277592658997
307598,307599,0.9762169718742371
307598,310540,0.7282655239105225
307598,317760,0.721743106842041
307598,320347,0.71169114112854
307598,313262,0.6913268566131592
307599,317760,0.7408365607261658
307599,310540,0.7219482660293579
307599,320347,0.7128443121910095
307599,313262,0.6907739639282227
307634,310498,0.8275764584541321
307634,313262,0.8233671188354492
307634,310480,0.802450954914093
307634,310540,0.7956047058105469
307634,310472,0.7880568504333496
307634,310599,0.7026239633560181
307634,320347,0.7533474564552307
308022,308024,0.9284242391586304
308022,320054,0.7196139097213745
308022,316963,0.7177563309669495
308022,314528,0.6638659238815308
308022,320804,0.6463359594345093
308022,313676,0.6395831108093262
308024,320054,0.7697485089302063
308024,316963,0.70826655626297
308024,320804,0.7069236636161804
308024,314528,0.7014104127883911
308024,313676,0.6674140691757202
308565,309519,0.7696543335914612
308565,313256,0.7172352075576782
308565,310552,0.7057899236679077
308565,309389,0.7002813220024109
308565,310542,0.6990786790847778
308565,322973,0.654895544052124
309227,315668,0.8925668001174927
309227,316427,0.6726526618003845
309227,317877,0.6665712594985962
309227,678610,0.6568706631660461
309227,313676,0.6169049143791199
309227,452364,0.6343955397605896
309389,309519,0.7389767169952393
309389,313289,0.7165143489837646
309389,316813,0.710742712020874
309389,316846,0.7098003029823303
309389,503651,0.6031109094619751
309411,313398,0.8047106862068176
309411,309540,0.7318305969238281
309411,316691,0.7208404541015625
309411,316437,0.6834592819213867
309411,310540,0.6785055994987488
309411,316436,0.6390126943588257
309519,310552,0.7570512294769287
309519,320347,0.7332156896591187
309519,313511,0.7287855744361877
309519,310681,0.6958951354026794
309519,317802,0.6666386723518372
309519,324139,0.6312865018844604
309540,316691,0.8538941144943237
309540,313251,0.7819327712059021
309540,309943,0.7666690349578857
309540,309944,0.752708375453949
309540,317753,0.7419148087501526
309540,313398,0.7257047891616821
309540,313511,0.7313841581344604
309540,315735,0.6391170024871826
309540,316427,0.677910327911377
309540,316436,0.6601789593696594
309540,316437,0.7249938249588013
309540,325818,0.6102076768875122
309540,453312,0.6643669605255127
309713,310542,0.8225464820861816
309713,319633,0.783385157585144
309713,314523,0.7597463726997375
309713,314518,0.7593950629234314
309713,318662,0.7572921514511108
309713,452211,0.6017283201217651
309713,454738,0.6148521900177002
309943,309944,0.8985865712165833
309943,313251,0.8876915574073792
309943,317753,0.8825727701187134
309943,312558,0.8507486581802368
309943,318622,0.7159287333488464
309943,328593,0.6991106271743774
309944,313251,0.9376879334449768
309944,317753,0.9209581017494202
309944,312558,0.9027959704399109
309944,313658,0.7426895499229431
309944,318622,0.7210891246795654
310364,314217,0.8740779757499695
310364,318662,0.8590163588523865
310364,319633,0.8068506717681885
310364,310542,0.770029604434967
310364,314523,0.7493377327919006
310364,310552,0.7185271382331848
310364,316813,0.7399469614028931
310364,327399,0.6357495784759521
310472,310540,0.8056375980377197
310472,310498,0.7907723188400269
310472,310599,0.7666073441505432
310472,316304,0.7601022124290466
310472,313325,0.7327195405960083
310472,450761,0.71373450756073
310480,312807,0.7948302626609802
310480,320347,0.7945247292518616
310480,310540,0.7909462451934814
310480,313262,0.7875263690948486
310480,317760,0.7429717183113098
310480,448959,0.7487944960594177
310498,312558,0.7788621783256531
310498,313262,0.7785027027130127
310498,313251,0.7724289298057556
310498,317802,0.6785315275192261
310498,317803,0.7142597436904907
310498,317804,0.5775949954986572
310513,319873,0.7872841358184814
310513,313325,0.6896472573280334
310513,314524,0.6789002418518066
310513,313262,0.6779257655143738
310513,310540,0.6753770112991333
310540,313262,0.8113903403282166
310540,318345,0.7941106557846069
310540,310599,0.6940031051635742
310540,310681,0.6867598295211792
310540,311159,0.6592701077461243
310540,312581,0.710319459438324
310540,313240,0.749733030796051
310540,313256,0.744035005569458
310540,313325,0.7614374160766602
310540,316304,0.7501532435417175
310540,317760,0.7275514006614685
310540,319873,0.7285740375518799
310540,320347,0.7740931510925293
310540,324599,0.6616984009742737
310540,451909,0.7151313424110413
310540,454353,0.6233283281326294
310542,319633,0.787256121635437
310542,314217,0.7868038415908813
310542,314518,0.7719741463661194
310542,310552,0.7097153663635254
310542,312581,0.6968333125114441
310542,313256,0.7244988083839417
310542,327399,0.6315805315971375
310552,310681,0.7323160171508789
310552,312581,0.6876910924911499
310599,312807,0.7106680274009705
310599,320347,0.6824657917022705
310681,313256,0.7021758556365967
310681,318345,0.6918343901634216
311159,317760,0.6624258756637573
311159,317877,0.658913791179657
311159,312336,0.650245189666748
312336,312558,0.7134302854537964
312336,313256,0.7042199373245239
312558,313251,0.9440200328826904
312558,317753,0.9424305558204651
312558,313658,0.7870681285858154
312558,315735,0.6387213468551636
312581,318345,0.6891403794288635
312581,313256,0.6835703253746033
312694,316437,0.7433139681816101
312694,316436,0.6751452088356018
312694,453312,0.6478292346000671
312694,313398,0.6430650353431702
312694,317877,0.6380330324172974
312807,320347,0.7921784520149231
312807,450483,0.7777725458145142
312807,448959,0.760144054889679
312807,313262,0.7567533254623413
312807,313398,0.7003546357154846
312807,317803,0.7218223810195923
312807,317804,0.6628811955451965
313240,318662,0.7459192872047424
313240,318345,0.7330999970436096
313240,313262,0.7081749439239502
313240,316274,0.7027488946914673
313251,317753,0.9474778175354004
313251,313658,0.786462128162384
313251,313256,0.7217506170272827
313251,313511,0.7157354354858398
313251,315735,0.644664466381073
313251,318622,0.7225814461708069
313251,328593,0.7080488204956055
313256,318345,0.7466859221458435
313256,313262,0.7233899831771851
313262,319873,0.7879540920257568
313262,318345,0.7823559045791626
313262,313325,0.7542275190353394
313262,317760,0.7569089531898499
313262,320347,0.7487387657165527
313289,316846,0.7880353331565857
313289,314523,0.7263705134391785
313289,314522,0.7245581746101379
313289,314518,0.7109740972518921
313289,316847,0.6907542943954468
313289,317802,0.6669806241989136
313325,318345,0.7495941519737244
313325,319873,0.7329381108283997
313398,318622,0.7168840169906616
313398,320347,0.7082688808441162
313398,316427,0.6871155500411987
313398,316437,0.6858416199684143
313511,320347,0.7198382616043091
313511,314518,0.7189178466796875
313511,315668,0.6590201258659363
313511,316691,0.7054544687271118
313511,317619,0.6665470004081726
313511,317802,0.6720408797264099
313511,327399,0.627804696559906
313658,317753,0.7688391208648682
313676,316846,0.6282952427864075
313676,320054,0.6061413288116455
314217,318662,0.8873142600059509
314217,319633,0.8232129216194153
314217,316304,0.793942928314209
314217,314518,0.7915895581245422
314217,314522,0.7456408739089966
314217,314523,0.7909999489784241
314217,314524,0.7733394503593445
314217,316274,0.7578030228614807
314217,316813,0.7673152685165405
314518,314522,0.8626773357391357
314518,314523,0.8168172836303711
314518,314524,0.8125706911087036
314518,319633,0.8050240874290466
314518,316846,0.7136887907981873
314518,317619,0.6942635178565979
314522,314524,0.8070720434188843
314522,314523,0.7985955476760864
314522,316813,0.7930498719215393
314522,316847,0.6591254472732544
314522,317619,0.6658362150192261
314522,324139,0.659050703048706
314522,327315,0.658332347869873
314522,452032,0.6614646911621094
314523,314524,0.9091463088989258
314523,319633,0.8730527758598328
314523,316846,0.7182204723358154
314523,316847,0.643301784992218
314523,317619,0.6708307862281799
314524,319633,0.8568224310874939
314524,316813,0.7351450324058533
314524,316846,0.7138409614562988
314524,316847,0.6486826539039612
314524,327315,0.6742028594017029
314528,320054,0.8120027184486389
314528,320804,0.8076868057250977
314528,316415,0.6668382287025452
314528,316963,0.6287462115287781
314528,452188,0.6054652333259583
314528,453317,0.6504289507865906
315668,316427,0.69938725233078
315668,317877,0.6593345403671265
315668,452364,0.6165518760681152
315668,678610,0.6518661975860596
315735,317877,0.6659399271011353
315735,318345,0.6468855738639832
316274,318662,0.7813102602958679
316274,316304,0.7796422839164734
316274,316813,0.7251220941543579
316274,319633,0.7127501368522644
316274,322973,0.6393088698387146
316304,318662,0.7568039298057556
316304,450761,0.6638103127479553
316415,320054,0.6866973638534546
316415,320804,0.680625319480896
316415,448587,0.6391741633415222
316415,452188,0.6114400029182434
316415,453317,0.621069073677063
316427,316691,0.699016809463501
316427,453312,0.6918266415596008
316436,316437,0.9443603157997131
316436,316691,0.6749143004417419
316437,316691,0.70478755235672
316437,322973,0.624462902545929
316437,444866,0.5738096833229065
316437,452364,0.6032156348228455
316437,454738,0.6304659843444824
316691,317877,0.6437602639198303
316691,325818,0.609683632850647
316691,452364,0.6148666739463806
316691,453312,0.6834748387336731
316691,454738,0.6588447093963623
316813,318662,0.7817769646644592
316813,324139,0.711432695388794
316846,316847,0.8776719570159912
316963,320054,0.6545102000236511
316963,320804,0.6361656188964844
317619,327315,0.6792109608650208
317753,318622,0.7031581401824951
317753,328593,0.6897469758987427
317760,319873,0.7566165328025818
317802,317803,0.8074877858161926
317802,317804,0.6109130382537842
317803,450483,0.6834771633148193
317803,317804,0.6577619314193726
317804,320347,0.6026634573936462
318345,318662,0.7522789239883423
318345,454353,0.623160183429718
318662,319633,0.8285689949989319
318662,452211,0.6132156252861023
320054,320804,0.814763069152832
320054,453317,0.6771758794784546
320804,453317,0.7009367942810059
320804,448587,0.6202067136764526
320804,452188,0.6647493243217468
322610,322621,0.8479613661766052
322610,322619,0.8400587439537048
322610,324596,0.7539225816726685
322610,324599,0.7172403335571289
322610,324324,0.6706570386886597
322619,322621,0.9303459525108337
322619,324596,0.7362712025642395
322619,324599,0.7311052083969116
322619,324324,0.6592118144035339
322621,324596,0.7137596607208252
322621,324599,0.6998024582862854
322621,324324,0.6630793213844299
322973,450761,0.6364898681640625
322973,327399,0.6281732320785522
323479,444865,0.7165690064430237
323479,444866,0.6654688119888306
323479,329077,0.6537717580795288
323479,444859,0.6504526734352112
323479,446273,0.6451398134231567
323479,444863,0.6393389701843262
323479,452740,0.5440710186958313
324139,327315,0.8050855398178101
324139,452032,0.6868834495544434
324324,324599,0.6581142544746399
324324,324596,0.6277894377708435
324324,325818,0.6192066073417664
324596,324599,0.7916538119316101
324599,454353,0.6305414438247681
325818,453312,0.7078856825828552
327315,452032,0.6612064242362976
328593,451909,0.7214218378067017
329077,450483,0.7562119960784912
329077,448959,0.7340630888938904
347927,447298,0.6866747140884399
347927,456342,0.6540374159812927
347927,453267,0.6280883550643921
347927,451287,0.6201475262641907
347927,452651,0.6163261532783508
383883,436607,0.6177175045013428
383883,435844,0.5904973745346069
383883,437936,0.5903095602989197
383883,436803,0.5818251967430115
383883,430812,0.48984697461128235
430812,435997,0.47926732897758484
430812,436180,0.46446749567985535
430812,437202,0.45799583196640015
430812,453354,0.45467063784599304
435621,435991,0.7396471500396729
435621,437936,0.6887236833572388
435621,435997,0.6880702972412109
435621,437159,0.6761851906776428
435621,437878,0.6757546663284302
435621,438821,0.6693203449249268
435678,437202,0.6459852457046509
435678,435702,0.6379451155662537
435678,436485,0.6321701407432556
435678,437261,0.6290921568870544
435678,435997,0.6193115711212158
435702,437868,0.732729971408844
435702,436838,0.7080687284469604
435702,437173,0.6928801536560059
435702,453354,0.6878957748413086
435702,437769,0.6771731376647949
435762,436102,0.8342887759208679
435762,437368,0.7757892608642578
435762,437422,0.7509811520576477
435762,437059,0.71307772397995
435762,439327,0.6961862444877625
435762,435897,0.6684471368789673
435844,436607,0.7469242811203003
435844,437422,0.7311815023422241
435844,436838,0.7293037176132202
435844,437769,0.7228052020072937
435844,436180,0.7080761790275574
435844,435868,0.5977799296379089
435844,436884,0.6402955055236816
435844,437936,0.6939275860786438
435864,437173,0.7334696054458618
435864,435991,0.7270604968070984
435864,437898,0.7002540230751038
435864,436607,0.6998727917671204
435864,437059,0.6978636980056763
435864,437159,0.6463398337364197
435868,436884,0.6384227275848389
435868,438779,0.6338034868240356
435868,436838,0.6241557598114014
435868,437508,0.5962477326393127
435868,437654,0.5817862153053284
435897,439327,0.8590114116668701
435897,437061,0.8003218173980713
435897,436098,0.7104876041412354
435897,437202,0.6680951118469238
435991,437159,0.7215337157249451
435991,437769,0.705547571182251
435991,436838,0.6916993856430054
435991,437878,0.682043731212616
435991,437898,0.6719102263450623
435997,437936,0.7207104563713074
435997,436180,0.7155347466468811
435997,437422,0.6956847310066223
435997,436607,0.6882166266441345
435997,437159,0.6398909091949463
435997,437508,0.6873458623886108
435997,437898,0.6767918467521667
436098,437261,0.772239625453949
436098,436099,0.7518545985221863
436098,436513,0.7403237819671631
436098,439327,0.7330424189567566
436098,436102,0.7194410562515259
436098,436803,0.6980588436126709
436098,437061,0.7160528302192688
436098,437202,0.698492705821991
436098,437368,0.7058126926422119
436099,437261,0.7956598997116089
436099,436513,0.7663058638572693
436099,437368,0.7470288276672363
436099,436102,0.7400108575820923
436099,436803,0.6918503642082214
436099,437202,0.6947438716888428
436102,437368,0.8331753015518188
436102,436513,0.710724413394928
436180,437936,0.759032666683197
436180,437422,0.7396102547645569
436180,437769,0.7386239171028137
436180,438779,0.6716364026069641
436482,436513,0.6786800026893616
436482,437202,0.6214070916175842
436482,436838,0.6171837449073792
436482,456342,0.6039826273918152
436482,436803,0.6027630567550659
436482,452102,0.5339915156364441
436485,437508,0.6675674915313721
436485,437878,0.6401464343070984
436485,437173,0.6285728812217712
436485,437061,0.6265982985496521
436513,437202,0.781597375869751
436513,436803,0.7546349763870239
436513,437368,0.727544903755188
436513,436884,0.6689106225967407
436513,436885,0.6878882050514221
436513,437261,0.7126421928405762
436607,437422,0.7596664428710938
436607,437936,0.7375267148017883
436607,437769,0.7218402624130249
436607,436838,0.7054852247238159
436607,437508,0.6865795850753784
436607,438779,0.6599389910697937
436658,437873,0.7332349419593811
436658,437061,0.6719619035720825
436658,437173,0.6715480089187622
436658,437059,0.6505705118179321
436658,436838,0.641330897808075
436803,437202,0.704380214214325
436803,436885,0.6787099242210388
436838,437769,0.8066641092300415
436838,437422,0.7232285141944885
436838,438779,0.7134463787078857
436838,436885,0.6862693428993225
436838,436896,0.703676700592041
436838,437059,0.6901565194129944
436838,437159,0.6369026303291321
436838,437173,0.7052189111709595
436838,437508,0.7036677598953247
436838,437654,0.5835376381874084
436838,437868,0.66334068775177
436838,437898,0.6660335659980774
436838,438821,0.6681350469589233
436884,436885,0.7401806712150574
436884,436896,0.6779114007949829
436885,436896,0.7829142212867737
436896,437059,0.741503894329071
436896,437769,0.6935819983482361
436896,437878,0.6726571321487427
437059,437061,0.7007561922073364
437061,439327,0.8598440289497375
437061,437261,0.7050691843032837
437061,437202,0.7021672129631042
437173,437769,0.719456136226654
437173,437868,0.6886265277862549
437173,437508,0.6857693195343018
437173,437873,0.6772541999816895
437202,437654,0.6222211718559265
437261,439327,0.7090839743614197
437368,438821,0.6610894799232483
437422,437769,0.7257556915283203
437422,437878,0.6813532114028931
437422,437898,0.6933497786521912
437508,437769,0.7360078692436218
437508,437873,0.6273223757743835
437508,438779,0.6719700694084167
437654,438821,0.5843545198440552
437769,437878,0.6807358860969543
437769,437936,0.7102077603340149
437769,438779,0.6722176671028137
437868,437936,0.6755326390266418
437868,437873,0.6592584848403931
437873,437898,0.6461045145988464
437936,438821,0.6589100956916809
444859,444866,0.9074187278747559
444859,444865,0.9070333242416382
444859,444863,0.8497366309165955
444859,446273,0.5534898638725281
444859,452740,0.5262466073036194
444863,444866,0.8679566979408264
444863,444865,0.8651716709136963
444863,446273,0.5581780076026917
444863,452740,0.5265253782272339
444865,444866,0.9177589416503906
444865,446273,0.5950061082839966
444865,452740,0.5412156581878662
446273,452032,0.6611253023147583
446273,453312,0.6479599475860596
446273,450761,0.6119571328163147
446273,452740,0.6115031242370605
446561,453193,0.818783700466156
446561,446563,0.7998741269111633
446561,448183,0.7910798788070679
446561,453212,0.7901357412338257
446561,447752,0.7735193967819214
446563,448183,0.8331180810928345
446563,453267,0.8139681220054626
446563,453212,0.8046767711639404
446563,454357,0.8023884892463684
446563,447298,0.7836679220199585
446563,447752,0.7911288142204285
446563,451264,0.7479490041732788
446563,451270,0.7531953454017639
446563,451287,0.7198723554611206
446563,451725,0.7385966777801514
446563,453975,0.7264819145202637
447298,453193,0.8219953775405884
447298,453267,0.8142426013946533
447298,452651,0.8047657012939453
447298,453212,0.7907001376152039
447298,448280,0.7830018401145935
447298,448938,0.7762182354927063
447298,451262,0.7082016468048096
447298,451286,0.719287633895874
447298,451287,0.7316468954086304
447298,451302,0.6351290941238403
447298,451308,0.699742317199707
447298,456342,0.7815495133399963
447752,454344,0.8034865856170654
447752,453212,0.7980407476425171
447752,454357,0.7958932518959045
447752,454359,0.7942602634429932
447752,447804,0.7145936489105225
447752,451302,0.6358521580696106
447752,451725,0.7187572121620178
447752,452102,0.5242952108383179
447804,453212,0.7365662455558777
447804,453975,0.7066349387168884
447804,454344,0.706283688545227
447804,448938,0.7009804248809814
447804,453354,0.6556214690208435
448183,453212,0.8090734481811523
448183,453193,0.8006404042243958
448183,454357,0.7980304956436157
448183,453267,0.7969463467597961
448183,451725,0.7161652445793152
448183,454344,0.7674527764320374
448280,452651,0.8630397915840149
448280,448938,0.8197586536407471
448280,453212,0.799895167350769
448280,453267,0.7848135232925415
448280,451302,0.6374149322509766
448280,451725,0.7216604351997375
448587,452188,0.6282116174697876
448587,451286,0.6123624444007874
448587,451287,0.6078867316246033
448938,452651,0.8333564400672913
448938,453267,0.814113974571228
448938,454357,0.7808602452278137
448959,450483,0.8561765551567078
448959,451909,0.7357317805290222
448959,450761,0.6892900466918945
450483,451909,0.7665942907333374
450483,450761,0.6896313428878784
450761,452032,0.6668798327445984
451262,451264,0.7830962538719177
451262,451270,0.7200099229812622
451262,451287,0.7149356603622437
451262,451286,0.7132073044776917
451264,451270,0.8356178998947144
451264,453212,0.7925278544425964
451264,453267,0.761898398399353
451264,451286,0.7396032810211182
451264,451308,0.7445738911628723
451270,453212,0.7872999906539917
451270,451286,0.7648507356643677
451270,451308,0.6976231932640076
451270,453975,0.7275994420051575
451286,451287,0.7620187401771545
451287,456342,0.7588033676147461
451287,454353,0.6426231861114502
451302,452651,0.662442684173584
451302,451725,0.6522257328033447
451308,451725,0.7083905339241028
451308,453212,0.7026786208152771
451725,452651,0.7344796061515808
451909,452102,0.5186759233474731
452032,452211,0.6213305592536926
452102,452188,0.5178729295730591
452188,453317,0.7155579924583435
452211,454738,0.6098491549491882
452364,453312,0.6208289265632629
452651,453267,0.8080331087112427
452651,453212,0.7879711985588074
453193,453267,0.8542580008506775
453193,453212,0.8358494639396667
453193,456342,0.7905380129814148
453212,453267,0.8593749403953552
453212,454344,0.8097877502441406
453212,453354,0.6213445663452148
453212,453975,0.7436563372612
453212,454359,0.7954521775245667
453212,456342,0.7987325191497803
453267,454359,0.8116012811660767
453267,456342,0.8088913559913635
453312,454738,0.6381935477256775
453975,454344,0.7372300624847412
453975,454357,0.7119788527488708
454344,454359,0.836959719657898
454344,454357,0.8038281798362732
454357,454359,0.8255175352096558
