object_id,image_path
24316,data/images/24316.jpg
24317,data/images/24317.jpg
24318,data/images/24318.jpg
36033,data/images/36033.jpg
36069,data/images/36069.jpg
36131,data/images/36131.jpg
36437,data/images/36437.jpg
37804,data/images/37804.jpg
37807,data/images/37807.jpg
37857,data/images/37857.jpg
37878,data/images/37878.jpg
37900,data/images/37900.jpg
37904,data/images/37904.jpg
38006,data/images/38006.jpg
38057,data/images/38057.jpg
38122,data/images/38122.jpg
38159,data/images/38159.jpg
38317,data/images/38317.jpg
38440,data/images/38440.jpg
38452,data/images/38452.jpg
38634,data/images/38634.jpg
38777,data/images/38777.jpg
38945,data/images/38945.jpg
38950,data/images/38950.jpg
38970,data/images/38970.jpg
39046,data/images/39046.jpg
39047,data/images/39047.jpg
39048,data/images/39048.jpg
39054,data/images/39054.jpg
39092,data/images/39092.jpg
39134,data/images/39134.jpg
39482,data/images/39482.jpg
39569,data/images/39569.jpg
39742,data/images/39742.jpg
39895,data/images/39895.jpg
39901,data/images/39901.jpg
39931,data/images/39931.jpg
39959,data/images/39959.jpg
40080,data/images/40080.jpg
40282,data/images/40282.jpg
40513,data/images/40513.jpg
41865,data/images/41865.jpg
42188,data/images/42188.jpg
42733,data/images/42733.jpg
44759,data/images/44759.jpg
45258,data/images/45258.jpg
45449,data/images/45449.jpg
49068,data/images/49068.jpg
53013,data/images/53013.jpg
53158,data/images/53158.jpg
53162,data/images/53162.jpg
53165,data/images/53165.jpg
53167,data/images/53167.jpg
53176,data/images/53176.jpg
53180,data/images/53180.jpg
53187,data/images/53187.jpg
53189,data/images/53189.jpg
53190,data/images/53190.jpg
53194,data/images/53194.jpg
53205,data/images/53205.jpg
53226,data/images/53226.jpg
53237,data/images/53237.jpg
53238,data/images/53238.jpg
53241,data/images/53241.jpg
53242,data/images/53242.jpg
53408,data/images/53408.jpg
53427,data/images/53427.jpg
53428,data/images/53428.jpg
53429,data/images/53429.jpg
53438,data/images/53438.jpg
53455,data/images/53455.jpg
53625,data/images/53625.jpg
53650,data/images/53650.jpg
53660,data/images/53660.jpg
53892,data/images/53892.jpg
57249,data/images/57249.jpg
57363,data/images/57363.jpg
57573,data/images/57573.jpg
60435,data/images/60435.jpg
60437,data/images/60437.jpg
60451,data/images/60451.jpg
60470,data/images/60470.jpg
61532,data/images/61532.jpg
61658,data/images/61658.jpg
61820,data/images/61820.jpg
68308,data/images/68308.jpg
68310,data/images/68310.jpg
73540,data/images/73540.jpg
76084,data/images/76084.jpg
78145,data/images/78145.jpg
78257,data/images/78257.jpg
78260,data/images/78260.jpg
192770,data/images/192770.jpg
193451,data/images/193451.jpg
194191,data/images/194191.jpg
197460,data/images/197460.jpg
197461,data/images/197461.jpg
200668,data/images/200668.jpg
200840,data/images/200840.jpg
201718,data/images/201718.jpg
203915,data/images/203915.jpg
204587,data/images/204587.jpg
205883,data/images/205883.jpg
206965,data/images/206965.jpg
207157,data/images/207157.jpg
207536,data/images/207536.jpg
228990,data/images/228990.jpg
228995,data/images/228995.jpg
236643,data/images/236643.jpg
237451,data/images/237451.jpg
239512,data/images/239512.jpg
266450,data/images/266450.jpg
268710,data/images/268710.jpg
269434,data/images/269434.jpg
282044,data/images/282044.jpg
307598,data/images/307598.jpg
307599,data/images/307599.jpg
307634,data/images/307634.jpg
308022,data/images/308022.jpg
308024,data/images/308024.jpg
308565,data/images/308565.jpg
309227,data/images/309227.jpg
309389,data/images/309389.jpg
309411,data/images/309411.jpg
309519,data/images/309519.jpg
309540,data/images/309540.jpg
309713,data/images/309713.jpg
309943,data/images/309943.jpg
309944,data/images/309944.jpg
310364,data/images/310364.jpg
310472,data/images/310472.jpg
310480,data/images/310480.jpg
310498,data/images/310498.jpg
310513,data/images/310513.jpg
310540,data/images/310540.jpg
310542,data/images/310542.jpg
310552,data/images/310552.jpg
310599,data/images/310599.jpg
310681,data/images/310681.jpg
311159,data/images/311159.jpg
312336,data/images/312336.jpg
312558,data/images/312558.jpg
312581,data/images/312581.jpg
312694,data/images/312694.jpg
312807,data/images/312807.jpg
313240,data/images/313240.jpg
313251,data/images/313251.jpg
313256,data/images/313256.jpg
313262,data/images/313262.jpg
313289,data/images/313289.jpg
313325,data/images/313325.jpg
313398,data/images/313398.jpg
313511,data/images/313511.jpg
313658,data/images/313658.jpg
313676,data/images/313676.jpg
314217,data/images/314217.jpg
314518,data/images/314518.jpg
314522,data/images/314522.jpg
314523,data/images/314523.jpg
314524,data/images/314524.jpg
314528,data/images/314528.jpg
315668,data/images/315668.jpg
315735,data/images/315735.jpg
316274,data/images/316274.jpg
316304,data/images/316304.jpg
316415,data/images/316415.jpg
316427,data/images/316427.jpg
316436,data/images/316436.jpg
316437,data/images/316437.jpg
316691,data/images/316691.jpg
316813,data/images/316813.jpg
316846,data/images/316846.jpg
316847,data/images/316847.jpg
316963,data/images/316963.jpg
317619,data/images/317619.jpg
317753,data/images/317753.jpg
317760,data/images/317760.jpg
317802,data/images/317802.jpg
317803,data/images/317803.jpg
317804,data/images/317804.jpg
317877,data/images/317877.jpg
318345,data/images/318345.jpg
318622,data/images/318622.jpg
318662,data/images/318662.jpg
319633,data/images/319633.jpg
319873,data/images/319873.jpg
320054,data/images/320054.jpg
320347,data/images/320347.jpg
320804,data/images/320804.jpg
320962,data/images/320962.jpg
322610,data/images/322610.jpg
322619,data/images/322619.jpg
322621,data/images/322621.jpg
322973,data/images/322973.jpg
323479,data/images/323479.jpg
324139,data/images/324139.jpg
324324,data/images/324324.jpg
324596,data/images/324596.jpg
324599,data/images/324599.jpg
325818,data/images/325818.jpg
327315,data/images/327315.jpg
327399,data/images/327399.jpg
328593,data/images/328593.jpg
329077,data/images/329077.jpg
347927,data/images/347927.jpg
383883,data/images/383883.jpg
430812,data/images/430812.jpg
435621,data/images/435621.jpg
435678,data/images/435678.jpg
435702,data/images/435702.jpg
435762,data/images/435762.jpg
435844,data/images/435844.jpg
435864,data/images/435864.jpg
435868,data/images/435868.jpg
435897,data/images/435897.jpg
435991,data/images/435991.jpg
435997,data/images/435997.jpg
436098,data/images/436098.jpg
436099,data/images/436099.jpg
436102,data/images/436102.jpg
436180,data/images/436180.jpg
436482,data/images/436482.jpg
436485,data/images/436485.jpg
436513,data/images/436513.jpg
436607,data/images/436607.jpg
436658,data/images/436658.jpg
436803,data/images/436803.jpg
436838,data/images/436838.jpg
436884,data/images/436884.jpg
436885,data/images/436885.jpg
436896,data/images/436896.jpg
437059,data/images/437059.jpg
437061,data/images/437061.jpg
437159,data/images/437159.jpg
437173,data/images/437173.jpg
437202,data/images/437202.jpg
437261,data/images/437261.jpg
437368,data/images/437368.jpg
437422,data/images/437422.jpg
437508,data/images/437508.jpg
437654,data/images/437654.jpg
437769,data/images/437769.jpg
437868,data/images/437868.jpg
437873,data/images/437873.jpg
437878,data/images/437878.jpg
437898,data/images/437898.jpg
437936,data/images/437936.jpg
438779,data/images/438779.jpg
438821,data/images/438821.jpg
439327,data/images/439327.jpg
444859,data/images/444859.jpg
444863,data/images/444863.jpg
444865,data/images/444865.jpg
444866,data/images/444866.jpg
446273,data/images/446273.jpg
446561,data/images/446561.jpg
446563,data/images/446563.jpg
447298,data/images/447298.jpg
447752,data/images/447752.jpg
447804,data/images/447804.jpg
448183,data/images/448183.jpg
448280,data/images/448280.jpg
448587,data/images/448587.jpg
448938,data/images/448938.jpg
448959,data/images/448959.jpg
450483,data/images/450483.jpg
450761,data/images/450761.jpg
451262,data/images/451262.jpg
451264,data/images/451264.jpg
451270,data/images/451270.jpg
451286,data/images/451286.jpg
451287,data/images/451287.jpg
451302,data/images/451302.jpg
451308,data/images/451308.jpg
451725,data/images/451725.jpg
451909,data/images/451909.jpg
452032,data/images/452032.jpg
452102,data/images/452102.jpg
452188,data/images/452188.jpg
452211,data/images/452211.jpg
452364,data/images/452364.jpg
452651,data/images/452651.jpg
452740,data/images/452740.jpg
453193,data/images/453193.jpg
453212,data/images/453212.jpg
453267,data/images/453267.jpg
453312,data/images/453312.jpg
453317,data/images/453317.jpg
453354,data/images/453354.jpg
453975,data/images/453975.jpg
454344,data/images/454344.jpg
454353,data/images/454353.jpg
454357,data/images/454357.jpg
454359,data/images/454359.jpg
454738,data/images/454738.jpg
456342,data/images/456342.jpg
503651,data/images/503651.jpg
678610,data/images/678610.jpg
752005,data/images/752005.jpg
752008,data/images/752008.jpg
